"";"Species";"Ter";"Fos";"Aqu";"Arb";"Dir";"Lar";"Viv";"Litter_size_max_n"
"1";"Abavorana_luctuosa";1;NA;1;NA;0;1;0;NA
"2";"Acris_crepitans";1;NA;1;1;0;1;0;500
"3";"Acris_gryllus";1;NA;1;1;0;1;0;250
"4";"Adelotus_brevis";1;1;1;NA;0;1;0;243
"5";"Adenomera_bokermanni";1;NA;NA;NA;0;1;0;NA
"6";"Adenomera_hylaedactyla";1;NA;1;NA;0;1;0;15
"7";"Adenomera_marmorata";1;NA;NA;NA;0;1;0;14
"8";"Adenomus_kandianus";NA;NA;1;NA;0;1;0;NA
"9";"Adenomus_kelaartii";1;NA;1;1;0;1;0;1000
"10";"Afrixalus_delicatus";NA;NA;1;1;0;1;0;50
"11";"Afrixalus_dorsalis";NA;NA;1;1;0;1;0;100
"12";"Afrixalus_fornasini";1;NA;1;1;0;1;0;81
"13";"Afrixalus_laevis";NA;NA;1;1;0;1;0;NA
"14";"Afrixalus_nigeriensis";NA;NA;1;1;0;1;0;NA
"15";"Afrixalus_paradorsalis";NA;NA;1;1;0;1;0;NA
"16";"Afrixalus_stuhlmanni";1;NA;1;1;0;1;0;NA
"17";"Afrixalus_vittiger";1;NA;1;1;0;1;0;100
"18";"Afrixalus_weidholzi";1;NA;1;1;0;1;0;180
"19";"Agalychnis_aspera";1;NA;1;NA;NA;NA;NA;NA
"20";"Agalychnis_callidryas";1;NA;1;1;0;1;0;265
"21";"Agalychnis_spurrelli";1;NA;NA;1;0;1;0;265
"22";"Aglyptodactylus_laticeps";1;NA;1;1;0;1;0;3636
"23";"Aglyptodactylus_madagascariensis";1;NA;1;1;0;1;0;1600
"24";"Aglyptodactylus_securifer";1;NA;1;1;0;1;0;3636
"25";"Alcalus_baluensis";1;NA;1;NA;1;0;0;NA
"26";"Alcalus_mariae";1;NA;1;1;1;0;0;NA
"27";"Alcalus_sariba";NA;NA;NA;NA;NA;NA;NA;NA
"28";"Allobates_chalcopis";1;NA;NA;NA;0;1;0;NA
"29";"Allobates_femoralis";1;NA;1;NA;0;1;0;48
"30";"Allobates_olfersioides";1;NA;NA;NA;0;1;0;11
"31";"Allobates_talamancae";1;NA;1;NA;0;1;0;50
"32";"Alsodes_australis";1;NA;1;NA;0;1;0;NA
"33";"Alsodes_coppingeri";NA;NA;NA;NA;NA;NA;NA;NA
"34";"Alsodes_kaweshkari";1;NA;1;NA;0;1;0;NA
"35";"Alytes_muletensis";1;NA;NA;1;0;1;0;20
"36";"Amietia_poyntoni";1;NA;1;NA;0;1;0;NA
"37";"Amnirana_albolabris";1;NA;1;NA;0;1;0;NA
"38";"Amnirana_galamensis";1;NA;1;NA;0;1;0;5135
"39";"Amnirana_occidentalis";1;NA;NA;NA;0;1;0;NA
"40";"Amolops_hainanensis";1;NA;1;1;0;1;0;NA
"41";"Amolops_hongkongensis";1;NA;1;1;0;1;0;NA
"42";"Amolops_torrentis";1;NA;1;1;0;1;0;NA
"43";"Anaxyrus_americanus";1;NA;NA;NA;0;1;0;20000
"44";"Anaxyrus_boreas";1;NA;NA;NA;0;1;0;16500
"45";"Anaxyrus_fowleri";1;NA;NA;NA;0;1;0;10000
"46";"Anaxyrus_kelloggi";1;NA;NA;NA;0;1;0;NA
"47";"Anaxyrus_punctatus";1;1;NA;NA;0;1;0;5000
"48";"Anaxyrus_quercicus";1;1;NA;NA;0;1;0;6000
"49";"Anaxyrus_terrestris";1;1;NA;NA;0;1;0;4000
"50";"Anaxyrus_woodhousii";1;1;NA;NA;0;1;0;28500
"51";"Andinobates_claudiae";1;NA;NA;NA;0;1;0;4
"52";"Anilany_helenae";1;NA;1;NA;0;1;0;NA
"53";"Anodonthyla_emilei";NA;NA;NA;1;NA;NA;NA;NA
"54";"Anodonthyla_hutchisoni";1;NA;NA;1;0;1;0;29
"55";"Anodonthyla_jeanbai";NA;NA;NA;1;NA;NA;NA;NA
"56";"Anodonthyla_montana";1;NA;1;NA;0;1;0;NA
"57";"Anodonthyla_moramora";NA;NA;NA;NA;0;1;0;NA
"58";"Anodonthyla_nigrigularis";1;NA;NA;1;0;1;0;NA
"59";"Anodonthyla_pollicaris";NA;NA;NA;1;NA;NA;NA;NA
"60";"Anodonthyla_rouxae";1;NA;NA;1;0;1;0;NA
"61";"Anodonthyla_theoi";NA;NA;NA;1;NA;NA;NA;NA
"62";"Anodonthyla_vallani";NA;NA;NA;1;NA;NA;NA;NA
"63";"Ansonia_albomaculata";1;NA;1;NA;0;1;0;NA
"64";"Ansonia_echinata";NA;NA;NA;NA;NA;NA;NA;NA
"65";"Ansonia_fuliginea";1;NA;1;NA;0;1;0;NA
"66";"Ansonia_glandulosa";1;NA;1;NA;0;1;0;NA
"67";"Ansonia_guibei";1;NA;1;NA;0;1;0;NA
"68";"Ansonia_hanitschi";1;NA;1;NA;0;1;0;NA
"69";"Ansonia_kraensis";1;NA;1;NA;0;1;0;NA
"70";"Ansonia_latidisca";1;NA;1;NA;0;1;0;NA
"71";"Ansonia_leptopus";1;NA;1;NA;0;1;0;NA
"72";"Ansonia_longidigita";1;NA;1;NA;0;1;0;NA
"73";"Ansonia_malayana";1;NA;1;NA;0;1;0;300
"74";"Ansonia_mcgregori";1;NA;1;1;0;1;0;NA
"75";"Ansonia_minuta";1;NA;1;NA;0;1;0;NA
"76";"Ansonia_muelleri";1;NA;1;1;0;1;0;NA
"77";"Ansonia_penangensis";1;NA;1;1;0;1;0;NA
"78";"Ansonia_platysoma";1;NA;1;NA;0;1;0;NA
"79";"Ansonia_spinulifer";1;NA;1;NA;0;1;0;NA
"80";"Ansonia_tiomanica";1;NA;1;NA;0;1;0;NA
"81";"Ansonia_torrentis";1;NA;1;1;0;1;0;NA
"82";"Aparasphenodon_brunoi";1;NA;1;1;0;1;0;NA
"83";"Aphantophryne_minuta";1;NA;1;NA;1;0;0;NA
"84";"Aphantophryne_nana";1;NA;NA;1;1;0;0;NA
"85";"Aphantophryne_pansa";1;NA;1;NA;1;0;0;30
"86";"Aphantophryne_sabini";1;NA;1;NA;1;0;0;18
"87";"Aplastodiscus_eugenioi";NA;NA;1;1;0;1;0;88
"88";"Aplastodiscus_leucopygius";1;NA;1;1;0;1;0;322
"89";"Aplastodiscus_sibilatus";1;NA;1;NA;0;1;0;NA
"90";"Arcovomer_passarellii";1;NA;1;NA;0;1;0;203
"91";"Arenophryne_rotunda";1;1;1;NA;1;0;0;11
"92";"Arthroleptis_adelphus";1;NA;1;NA;1;0;0;NA
"93";"Arthroleptis_bioko";1;NA;NA;NA;NA;NA;NA;NA
"94";"Arthroleptis_poecilonotus";1;NA;1;1;1;0;0;30
"95";"Arthroleptis_stenodactylus";1;NA;1;NA;1;0;0;80
"96";"Arthroleptis_variabilis";1;NA;1;NA;1;0;0;NA
"97";"Arthroleptis_xenodactyloides";1;NA;1;NA;1;0;0;30
"98";"Ascaphus_truei";1;NA;1;NA;0;1;0;96
"99";"Assa_darlingtoni";1;NA;1;NA;0;1;0;14
"100";"Asterophrys_eurydactyla";NA;NA;NA;NA;NA;NA;NA;NA
"101";"Asterophrys_leucopus";1;NA;1;NA;1;0;0;NA
"102";"Asterophrys_marani";NA;NA;NA;NA;NA;NA;NA;NA
"103";"Asterophrys_pullifer";1;NA;NA;NA;NA;NA;NA;14
"104";"Asterophrys_slateri";NA;NA;NA;1;NA;NA;NA;NA
"105";"Asterophrys_turpicola";1;NA;1;NA;1;0;0;NA
"106";"Astylosternus_occidentalis";1;NA;1;1;0;1;0;NA
"107";"Aubria_occidentalis";1;NA;1;1;0;1;0;NA
"108";"Austrochaperina_adamantina";1;NA;1;NA;1;0;0;NA
"109";"Austrochaperina_adelphe";1;NA;1;NA;1;0;0;NA
"110";"Austrochaperina_aquilonia";1;NA;1;NA;1;0;0;NA
"111";"Austrochaperina_archboldi";1;NA;1;NA;1;0;0;NA
"112";"Austrochaperina_basipalmata";1;NA;1;NA;1;0;0;NA
"113";"Austrochaperina_blumi";1;NA;1;NA;1;0;0;NA
"114";"Austrochaperina_brevipes";1;NA;1;NA;1;0;0;14
"115";"Austrochaperina_derongo";1;NA;1;NA;1;0;0;NA
"116";"Austrochaperina_gracilipes";1;NA;1;NA;1;0;0;NA
"117";"Austrochaperina_hooglandi";1;NA;1;NA;1;0;0;NA
"118";"Austrochaperina_kosarek";1;NA;1;NA;1;0;0;NA
"119";"Austrochaperina_macrorhyncha";1;NA;1;NA;1;0;0;NA
"120";"Austrochaperina_mehelyi";1;NA;1;NA;1;0;0;NA
"121";"Austrochaperina_minutissima";1;NA;NA;NA;NA;NA;NA;NA
"122";"Austrochaperina_novaebritanniae";1;NA;1;NA;1;0;0;6
"123";"Austrochaperina_palmipes";1;NA;1;NA;1;0;0;19
"124";"Austrochaperina_parkeri";1;NA;1;NA;1;0;0;NA
"125";"Austrochaperina_polysticta";1;NA;1;NA;1;0;0;NA
"126";"Austrochaperina_rivularis";1;NA;1;NA;1;0;0;NA
"127";"Austrochaperina_septentrionalis";1;NA;1;NA;1;0;0;NA
"128";"Austrochaperina_yelaensis";1;NA;1;NA;1;0;0;NA
"129";"Babina_holsti";1;NA;NA;NA;0;1;0;NA
"130";"Babina_subaspera";1;NA;1;NA;0;1;0;NA
"131";"Barbourula_busuangensis";NA;1;NA;NA;NA;NA;NA;78
"132";"Barbourula_kalimantanensis";NA;1;NA;NA;NA;NA;NA;NA
"133";"Barygenys_atra";1;1;1;NA;1;0;0;NA
"134";"Barygenys_cheesmanae";1;1;1;NA;1;0;0;NA
"135";"Barygenys_exsul";1;1;1;NA;1;0;0;NA
"136";"Barygenys_flavigularis";1;1;1;NA;1;0;0;NA
"137";"Barygenys_maculata";1;1;1;NA;1;0;0;NA
"138";"Barygenys_nana";1;1;1;NA;1;0;0;NA
"139";"Barygenys_parvula";1;1;1;NA;1;0;0;NA
"140";"Batrachyla_antartandica";1;NA;1;1;0;1;0;NA
"141";"Batrachyla_leptopus";1;NA;NA;NA;0;1;0;NA
"142";"Batrachyla_nibaldoi";1;NA;NA;NA;0;1;0;NA
"143";"Batrachyla_taeniata";1;NA;NA;NA;0;1;0;NA
"144";"Bijurana_nicobariensis";NA;NA;NA;NA;NA;NA;NA;NA
"145";"Blommersia_angolafa";NA;NA;NA;NA;NA;NA;NA;NA
"146";"Blommersia_blommersae";NA;NA;NA;1;0;1;0;NA
"147";"Blommersia_dejongi";NA;NA;NA;1;NA;NA;NA;NA
"148";"Blommersia_domerguei";1;NA;NA;1;0;1;0;82
"149";"Blommersia_galani";NA;NA;NA;1;NA;NA;NA;NA
"150";"Blommersia_grandisonae";NA;NA;NA;1;0;1;0;NA
"151";"Blommersia_kely";NA;NA;NA;1;0;1;0;NA
"152";"Blommersia_sarotra";NA;NA;NA;NA;0;1;0;NA
"153";"Blommersia_wittei";1;NA;NA;1;0;1;0;NA
"154";"Boana_albomarginata";1;NA;1;1;0;1;0;1617
"155";"Boana_boans";1;NA;1;1;0;1;0;4800
"156";"Boana_cinerascens";1;NA;NA;1;0;1;0;840
"157";"Boana_crepitans";1;NA;NA;1;0;1;0;2131
"158";"Boana_faber";1;NA;1;1;0;1;0;3000
"159";"Boana_geographica";1;NA;1;1;0;1;0;4300
"160";"Boana_heilprini";1;NA;1;1;0;1;0;332
"161";"Boana_multifasciata";1;NA;1;1;0;1;0;1343
"162";"Boana_pardalis";1;NA;1;1;0;1;0;NA
"163";"Boana_pombali";1;NA;NA;1;0;1;0;NA
"164";"Boana_punctata";1;NA;NA;1;0;1;0;430
"165";"Boana_raniceps";1;NA;NA;1;0;1;0;3096
"166";"Boana_rosenbergi";1;NA;1;1;0;1;0;2500
"167";"Boana_rufitela";1;NA;NA;1;0;1;0;265
"168";"Boana_semilineata";1;NA;1;1;0;1;0;891
"169";"Boehmantis_microtympanum";1;NA;NA;NA;0;1;0;NA
"170";"Bombina_bombina";1;1;1;NA;0;1;0;300
"171";"Bombina_orientalis";1;1;1;NA;0;1;0;257
"172";"Bombina_variegata";1;1;1;NA;0;1;0;170
"173";"Boophis_albilabris";1;NA;NA;1;0;1;0;1029
"174";"Boophis_albipunctatus";NA;NA;NA;1;0;1;0;NA
"175";"Boophis_andohahela";NA;NA;NA;1;0;1;0;NA
"176";"Boophis_andrangoloaka";NA;NA;NA;1;NA;NA;NA;NA
"177";"Boophis_andreonei";NA;NA;NA;1;0;1;0;NA
"178";"Boophis_anjanaharibeensis";NA;NA;NA;1;0;1;0;NA
"179";"Boophis_ankaratra";NA;NA;NA;1;0;1;0;NA
"180";"Boophis_arcanus";NA;NA;NA;1;NA;NA;NA;NA
"181";"Boophis_axelmeyeri";NA;NA;NA;1;0;1;0;NA
"182";"Boophis_baetkei";NA;NA;NA;1;NA;NA;NA;NA
"183";"Boophis_blommersae";NA;NA;NA;1;0;1;0;NA
"184";"Boophis_boehmei";NA;NA;NA;1;0;1;0;NA
"185";"Boophis_bottae";NA;NA;NA;1;0;1;0;NA
"186";"Boophis_brachychir";NA;NA;NA;1;0;1;0;NA
"187";"Boophis_burgeri";NA;NA;NA;1;0;1;0;NA
"188";"Boophis_calcaratus";NA;NA;NA;1;NA;NA;NA;NA
"189";"Boophis_doulioti";1;NA;NA;1;0;1;0;4784
"190";"Boophis_elenae";NA;NA;NA;1;0;1;0;NA
"191";"Boophis_englaenderi";NA;NA;NA;1;0;1;0;NA
"192";"Boophis_entingae";NA;NA;NA;1;NA;NA;NA;NA
"193";"Boophis_erythrodactylus";NA;NA;NA;1;0;1;0;NA
"194";"Boophis_feonnyala";NA;NA;NA;1;0;1;0;NA
"195";"Boophis_goudotii";1;NA;NA;1;0;1;0;1000
"196";"Boophis_guibei";NA;NA;NA;1;0;1;0;NA
"197";"Boophis_haematopus";NA;NA;NA;1;0;1;0;NA
"198";"Boophis_haingana";NA;NA;NA;1;NA;NA;NA;NA
"199";"Boophis_idae";NA;NA;NA;1;0;1;0;NA
"200";"Boophis_jaegeri";NA;NA;NA;1;0;1;0;NA
"201";"Boophis_laurenti";1;NA;NA;1;0;1;0;NA
"202";"Boophis_liami";NA;NA;NA;1;0;1;0;NA
"203";"Boophis_lichenoides";NA;NA;NA;1;0;1;0;NA
"204";"Boophis_lilianae";NA;NA;NA;1;NA;NA;NA;NA
"205";"Boophis_luciae";NA;NA;NA;1;NA;NA;NA;NA
"206";"Boophis_luteus";NA;NA;NA;1;0;1;0;1000
"207";"Boophis_madagascariensis";NA;NA;NA;1;0;1;0;NA
"208";"Boophis_majori";NA;NA;NA;1;0;1;0;NA
"209";"Boophis_mandraka";NA;NA;NA;1;0;1;0;NA
"210";"Boophis_marojezensis";NA;NA;NA;1;0;1;0;133
"211";"Boophis_miadana";NA;NA;NA;1;NA;NA;NA;NA
"212";"Boophis_microtympanum";NA;NA;NA;1;0;1;0;NA
"213";"Boophis_miniatus";NA;NA;NA;1;0;1;0;248
"214";"Boophis_obscurus";1;NA;NA;1;NA;NA;NA;NA
"215";"Boophis_occidentalis";NA;NA;NA;1;0;1;0;NA
"216";"Boophis_opisthodon";NA;NA;NA;1;0;1;0;NA
"217";"Boophis_pauliani";NA;NA;NA;1;0;1;0;NA
"218";"Boophis_periegetes";NA;NA;NA;1;0;1;0;NA
"219";"Boophis_picturatus";NA;NA;NA;1;0;1;0;50
"220";"Boophis_piperatus";NA;NA;NA;1;NA;NA;NA;NA
"221";"Boophis_praedictus";NA;NA;NA;1;NA;NA;NA;NA
"222";"Boophis_pyrrhus";NA;NA;NA;1;0;1;0;NA
"223";"Boophis_quasiboehmei";NA;NA;NA;1;NA;NA;NA;NA
"224";"Boophis_rappiodes";NA;NA;NA;1;0;1;0;1000
"225";"Boophis_reticulatus";NA;NA;NA;1;0;1;0;NA
"226";"Boophis_rhodoscelis";NA;NA;NA;1;0;1;0;NA
"227";"Boophis_roseipalmatus";NA;NA;NA;1;NA;NA;NA;NA
"228";"Boophis_rufioculis";NA;NA;NA;1;0;1;0;NA
"229";"Boophis_sambirano";NA;NA;NA;1;0;1;0;NA
"230";"Boophis_sandrae";1;NA;NA;1;NA;NA;NA;NA
"231";"Boophis_schuboeae";NA;NA;NA;1;0;1;0;NA
"232";"Boophis_septentrionalis";NA;NA;NA;1;0;1;0;NA
"233";"Boophis_sibilans";NA;NA;NA;1;0;1;0;NA
"234";"Boophis_solomaso";NA;NA;NA;1;0;1;0;NA
"235";"Boophis_spinophis";NA;NA;NA;1;NA;NA;NA;NA
"236";"Boophis_tampoka";NA;NA;NA;1;NA;NA;NA;240
"237";"Boophis_tasymena";NA;NA;NA;1;0;1;0;NA
"238";"Boophis_tephraeomystax";NA;NA;NA;1;0;1;0;1000
"239";"Boophis_tsilomaro";NA;NA;NA;1;NA;NA;NA;1342
"240";"Boophis_ulftunni";NA;NA;NA;1;NA;NA;NA;NA
"241";"Boophis_viridis";NA;NA;NA;1;0;1;0;154
"242";"Boophis_vittatus";NA;NA;NA;1;0;1;0;NA
"243";"Boophis_williamsi";NA;NA;NA;1;0;1;0;NA
"244";"Boophis_xerophilus";1;NA;NA;1;0;1;0;4235
"245";"Brachycephalus_didactylus";1;NA;1;NA;1;0;0;NA
"246";"Brachycephalus_ephippium";1;NA;1;NA;1;0;0;5
"247";"Breviceps_adspersus";1;1;1;NA;1;0;0;46
"248";"Breviceps_mossambicus";1;1;1;NA;1;0;0;30
"249";"Buergeria_buergeri";1;NA;NA;1;0;1;0;659
"250";"Buergeria_japonica";1;NA;1;1;0;1;0;601
"251";"Buergeria_oxycephala";NA;NA;NA;1;0;1;0;NA
"252";"Buergeria_robusta";1;NA;1;NA;0;1;0;600
"253";"Bufo_bankorensis";1;NA;1;NA;0;1;0;3725
"254";"Bufo_bufo";1;NA;1;NA;0;1;0;10000
"255";"Bufo_gargarizans";1;NA;1;NA;0;1;0;7400
"256";"Bufo_japonicus";1;NA;1;NA;0;1;0;14000
"257";"Bufo_stejnegeri";1;NA;1;1;0;1;0;830
"258";"Bufo_torrenticola";1;NA;1;1;0;1;0;4000
"259";"Bufotes_balearicus";NA;NA;NA;NA;NA;NA;NA;NA
"260";"Bufotes_boulengeri";NA;NA;NA;NA;NA;NA;NA;NA
"261";"Bufotes_viridis";1;NA;1;NA;0;1;0;36950
"262";"Callulops_boettgeri";1;NA;1;NA;1;0;0;NA
"263";"Callulops_comptus";1;1;1;NA;1;0;0;NA
"264";"Callulops_doriae";1;NA;1;NA;1;0;0;NA
"265";"Callulops_dubius";1;NA;1;NA;1;0;0;NA
"266";"Callulops_eremnosphax";1;NA;NA;NA;NA;NA;NA;NA
"267";"Callulops_fuscus";1;NA;1;NA;1;0;0;NA
"268";"Callulops_glandulosus";1;NA;1;NA;1;0;0;NA
"269";"Callulops_humicola";1;NA;1;NA;1;0;0;NA
"270";"Callulops_kopsteini";1;NA;1;NA;1;0;0;NA
"271";"Callulops_marmoratus";1;1;NA;NA;1;0;0;NA
"272";"Callulops_omnistriatus";1;NA;NA;NA;NA;NA;NA;NA
"273";"Callulops_personatus";1;NA;1;NA;1;0;0;NA
"274";"Callulops_robustus";1;1;1;NA;1;0;0;NA
"275";"Callulops_sagittatus";1;NA;1;NA;1;0;0;NA
"276";"Callulops_stictogaster";1;NA;1;NA;1;0;0;NA
"277";"Callulops_wilhelmanus";1;NA;1;NA;1;0;0;NA
"278";"Cardioglossa_occidentalis";1;NA;NA;NA;NA;NA;NA;33
"279";"Ceratophrys_aurita";1;NA;NA;NA;0;1;0;NA
"280";"Chalcorana_chalconota";1;NA;NA;NA;0;1;0;NA
"281";"Chalcorana_crassiovis";1;NA;1;NA;0;1;0;NA
"282";"Chalcorana_kampeni";1;NA;NA;NA;0;1;0;NA
"283";"Chalcorana_macrops";1;NA;NA;NA;0;1;0;NA
"284";"Chalcorana_megalonesa";NA;NA;NA;NA;NA;NA;NA;1387
"285";"Chalcorana_mocquardii";NA;NA;NA;NA;NA;NA;NA;NA
"286";"Chalcorana_parvaccola";NA;NA;NA;NA;NA;NA;NA;NA
"287";"Chalcorana_raniceps";1;NA;1;NA;0;1;0;3096
"288";"Chalcorana_rufipes";NA;NA;NA;NA;NA;NA;NA;NA
"289";"Chaltenobatrachus_grandisonae";1;NA;1;1;0;1;0;NA
"290";"Chaperina_fusca";1;NA;1;NA;0;1;0;NA
"291";"Chiasmocleis_leucosticta";1;NA;1;NA;0;1;0;203
"292";"Chirixalus_doriae";1;NA;NA;1;0;1;0;990
"293";"Chirixalus_nongkhorensis";NA;NA;NA;1;0;1;0;NA
"294";"Chiromantis_rufescens";NA;NA;1;1;0;1;0;201
"295";"Chiromantis_xerampelina";NA;NA;1;1;0;1;0;1250
"296";"Choerophryne_allisoni";1;1;1;NA;1;0;0;NA
"297";"Choerophryne_amomani";1;1;1;NA;NA;NA;NA;NA
"298";"Choerophryne_arndtorum";1;1;1;NA;NA;NA;NA;NA
"299";"Choerophryne_brunhildae";1;NA;1;NA;1;0;0;NA
"300";"Choerophryne_burtoni";1;1;1;NA;1;0;0;NA
"301";"Choerophryne_darlingtoni";1;NA;1;NA;1;0;0;NA
"302";"Choerophryne_exclamitans";NA;NA;NA;1;1;0;0;NA
"303";"Choerophryne_fafniri";1;NA;1;NA;1;0;0;NA
"304";"Choerophryne_gunnari";1;NA;1;NA;1;0;0;NA
"305";"Choerophryne_laurini";NA;NA;NA;1;1;0;0;NA
"306";"Choerophryne_longirostris";1;1;1;NA;1;0;0;NA
"307";"Choerophryne_microps";1;1;1;NA;NA;NA;NA;NA
"308";"Choerophryne_nigrescens";1;1;1;NA;NA;NA;NA;NA
"309";"Choerophryne_proboscidea";1;1;1;NA;1;0;0;NA
"310";"Choerophryne_rhenaurum";1;NA;NA;NA;1;0;0;NA
"311";"Choerophryne_rostellifer";1;1;1;NA;1;0;0;NA
"312";"Choerophryne_sanguinopicta";NA;NA;NA;1;1;0;0;NA
"313";"Choerophryne_siegfriedi";1;NA;1;NA;1;0;0;NA
"314";"Choerophryne_swanhildae";1;NA;1;NA;1;0;0;NA
"315";"Choerophryne_tubercula";1;NA;1;NA;1;0;0;NA
"316";"Choerophryne_valkuriarum";1;NA;1;NA;1;0;0;NA
"317";"Choerophryne_variegata";1;NA;1;NA;1;0;0;NA
"318";"Cochranella_granulosa";1;NA;NA;1;0;1;0;55
"319";"Colostethus_pratti";1;NA;1;NA;0;1;0;NA
"320";"Conraua_crassipes";NA;NA;1;1;0;1;0;NA
"321";"Cophixalus_ateles";1;NA;1;NA;1;0;0;NA
"322";"Cophixalus_balbus";1;NA;NA;1;1;0;0;NA
"323";"Cophixalus_bewaniensis";1;NA;NA;1;1;0;0;NA
"324";"Cophixalus_biroi";1;NA;NA;1;1;0;0;NA
"325";"Cophixalus_caverniphilus";1;NA;NA;NA;NA;NA;NA;NA
"326";"Cophixalus_cheesmanae";1;NA;1;1;1;0;0;NA
"327";"Cophixalus_cryptotympanum";1;NA;1;1;1;0;0;NA
"328";"Cophixalus_cupricarenus";1;NA;NA;NA;NA;NA;NA;NA
"329";"Cophixalus_daymani";1;NA;1;NA;1;0;0;NA
"330";"Cophixalus_desticans";1;NA;NA;1;NA;NA;NA;NA
"331";"Cophixalus_humicola";1;NA;NA;NA;1;0;0;NA
"332";"Cophixalus_interruptus";NA;NA;NA;NA;NA;NA;NA;NA
"333";"Cophixalus_iovaorum";NA;NA;NA;NA;NA;NA;NA;NA
"334";"Cophixalus_kaindiensis";1;NA;NA;1;1;0;0;NA
"335";"Cophixalus_kethuk";NA;NA;NA;NA;NA;NA;NA;NA
"336";"Cophixalus_linnaeus";NA;NA;NA;NA;NA;NA;NA;NA
"337";"Cophixalus_melanops";NA;NA;NA;NA;NA;NA;NA;NA
"338";"Cophixalus_misimae";1;NA;NA;NA;1;0;0;NA
"339";"Cophixalus_monosyllabus";NA;NA;NA;1;NA;NA;NA;NA
"340";"Cophixalus_montanus";1;NA;1;NA;1;0;0;NA
"341";"Cophixalus_nubicola";1;NA;1;NA;1;0;0;NA
"342";"Cophixalus_ornatus";1;NA;1;NA;1;0;0;16
"343";"Cophixalus_parkeri";1;NA;NA;1;1;0;0;18
"344";"Cophixalus_phaeobalius";NA;NA;NA;NA;NA;NA;NA;NA
"345";"Cophixalus_pipilans";1;NA;1;NA;1;0;0;NA
"346";"Cophixalus_pulchellus";1;NA;1;NA;1;0;0;NA
"347";"Cophixalus_riparius";1;NA;1;1;1;0;0;NA
"348";"Cophixalus_shellyi";1;NA;1;NA;1;0;0;NA
"349";"Cophixalus_sphagnicola";1;NA;1;NA;1;0;0;20
"350";"Cophixalus_tagulensis";1;NA;1;NA;1;0;0;NA
"351";"Cophixalus_tetzlaffi";1;NA;NA;1;1;0;0;NA
"352";"Cophixalus_timidus";NA;NA;NA;1;1;0;0;NA
"353";"Cophixalus_tomaiodactylus";NA;NA;NA;NA;NA;NA;NA;NA
"354";"Cophixalus_tridactylus";NA;NA;NA;NA;1;0;0;NA
"355";"Cophixalus_variabilis";1;NA;NA;1;1;0;0;NA
"356";"Cophixalus_verecundus";1;NA;1;NA;1;0;0;NA
"357";"Cophixalus_verrucosus";1;NA;1;1;1;0;0;NA
"358";"Cophixalus_wempi";NA;NA;NA;NA;NA;NA;NA;NA
"359";"Cophyla_barbouri";1;NA;NA;1;0;1;0;NA
"360";"Cophyla_berara";1;NA;NA;1;0;1;0;NA
"361";"Cophyla_grandis";NA;NA;1;1;0;1;0;NA
"362";"Cophyla_mavomavo";1;NA;NA;1;0;1;0;NA
"363";"Cophyla_milloti";1;NA;NA;1;0;1;0;NA
"364";"Cophyla_occultans";NA;NA;NA;NA;0;1;0;NA
"365";"Cophyla_phyllodactyla";1;NA;1;1;0;1;0;NA
"366";"Cophyla_pollicaris";1;NA;NA;1;0;1;0;NA
"367";"Cophyla_tetra";1;NA;NA;1;0;1;0;NA
"368";"Cophyla_tsaratananaensis";1;NA;NA;1;0;1;0;NA
"369";"Cophyla_tuberifera";1;NA;NA;1;0;1;0;NA
"370";"Copiula_alpestris";1;NA;1;NA;1;0;0;NA
"371";"Copiula_exspectata";1;1;1;NA;1;0;0;NA
"372";"Copiula_fistulans";1;1;1;NA;1;0;0;NA
"373";"Copiula_guttata";1;NA;1;NA;1;0;0;NA
"374";"Copiula_major";1;1;1;NA;1;0;0;NA
"375";"Copiula_minor";1;1;1;NA;1;0;0;NA
"376";"Copiula_obsti";1;1;1;NA;1;0;0;NA
"377";"Copiula_oxyrhina";1;1;1;NA;1;0;0;NA
"378";"Copiula_pipiens";1;1;1;NA;1;0;0;NA
"379";"Copiula_tyleri";1;1;1;NA;1;0;0;NA
"380";"Cornufer_acrochordus";NA;NA;NA;NA;1;0;0;NA
"381";"Cornufer_aculeodactylus";1;NA;NA;NA;1;0;0;NA
"382";"Cornufer_adiastolus";NA;NA;1;1;1;0;0;NA
"383";"Cornufer_admiraltiensis";1;NA;NA;NA;1;0;0;NA
"384";"Cornufer_akarithymus";1;NA;NA;1;1;0;0;NA
"385";"Cornufer_batantae";1;NA;1;NA;1;0;0;NA
"386";"Cornufer_bimaculatus";NA;NA;NA;NA;1;0;0;NA
"387";"Cornufer_boulengeri";1;NA;1;NA;1;0;0;NA
"388";"Cornufer_browni";1;NA;1;NA;1;0;0;NA
"389";"Cornufer_bufonulus";NA;NA;NA;NA;1;0;0;NA
"390";"Cornufer_caesiops";NA;NA;NA;NA;NA;NA;NA;NA
"391";"Cornufer_cheesmanae";1;NA;1;NA;1;0;0;NA
"392";"Cornufer_cryptotis";1;NA;1;NA;1;0;0;NA
"393";"Cornufer_desticans";1;NA;1;NA;NA;NA;NA;NA
"394";"Cornufer_elegans";1;NA;1;NA;1;0;0;NA
"395";"Cornufer_gigas";1;NA;1;NA;1;0;0;NA
"396";"Cornufer_gilliardi";1;NA;1;NA;1;0;0;NA
"397";"Cornufer_guppyi";1;NA;1;1;1;0;0;NA
"398";"Cornufer_latro";1;NA;1;NA;1;0;0;NA
"399";"Cornufer_macrops";1;NA;1;NA;1;0;0;NA
"400";"Cornufer_macrosceles";NA;NA;1;1;1;0;0;NA
"401";"Cornufer_magnus";1;NA;1;NA;1;0;0;NA
"402";"Cornufer_malukuna";1;NA;1;NA;1;0;0;NA
"403";"Cornufer_mamusiorum";1;NA;NA;1;1;0;0;NA
"404";"Cornufer_manus";NA;NA;NA;NA;NA;NA;NA;NA
"405";"Cornufer_mediodiscus";1;NA;1;NA;1;0;0;NA
"406";"Cornufer_mimicus";1;NA;NA;1;1;0;0;NA
"407";"Cornufer_minutus";1;NA;1;NA;1;0;0;NA
"408";"Cornufer_montanus";1;NA;1;1;1;0;0;NA
"409";"Cornufer_myersi";1;NA;1;NA;1;0;0;NA
"410";"Cornufer_nakanaiorum";NA;NA;NA;1;1;0;0;NA
"411";"Cornufer_neckeri";1;NA;NA;1;1;0;0;NA
"412";"Cornufer_nexipus";1;NA;1;NA;1;0;0;NA
"413";"Cornufer_opisthodon";1;NA;1;1;1;0;0;NA
"414";"Cornufer_papuensis";1;NA;1;NA;1;0;0;NA
"415";"Cornufer_parilis";NA;NA;NA;1;NA;NA;NA;NA
"416";"Cornufer_parkeri";1;NA;1;NA;1;0;0;NA
"417";"Cornufer_pelewensis";1;NA;1;NA;1;0;0;NA
"418";"Cornufer_punctatus";1;NA;NA;NA;1;0;0;NA
"419";"Cornufer_schmidti";1;NA;1;1;1;0;0;NA
"420";"Cornufer_solomonis";1;NA;1;NA;1;0;0;NA
"421";"Cornufer_sulcatus";1;NA;1;NA;1;0;0;NA
"422";"Cornufer_trossulus";1;NA;1;NA;1;0;0;NA
"423";"Cornufer_vertebralis";1;NA;1;1;1;0;0;NA
"424";"Cornufer_vitianus";1;NA;NA;1;1;0;0;50
"425";"Cornufer_vitiensis";1;NA;NA;1;1;0;0;40
"426";"Cornufer_vogti";1;NA;1;1;1;0;0;NA
"427";"Cornufer_weberi";1;NA;1;NA;1;0;0;NA
"428";"Cornufer_wolfi";1;NA;1;1;1;0;0;NA
"429";"Cornufer_wuenscheorum";1;NA;1;NA;1;0;0;NA
"430";"Craugastor_bransfordii";1;NA;1;NA;1;0;0;10
"431";"Craugastor_crassidigitus";1;NA;1;NA;1;0;0;45
"432";"Craugastor_fitzingeri";1;NA;NA;1;1;0;0;92
"433";"Craugastor_longirostris";1;NA;1;NA;1;0;0;NA
"434";"Craugastor_megacephalus";1;1;NA;NA;1;0;0;NA
"435";"Craugastor_noblei";1;NA;1;NA;1;0;0;NA
"436";"Craugastor_rugosus";1;NA;1;NA;1;0;0;NA
"437";"Craugastor_stejnegerianus";1;NA;1;NA;1;0;0;NA
"438";"Craugastor_talamancae";1;NA;NA;1;1;0;0;NA
"439";"Craugastor_taurus";1;NA;1;1;1;0;0;NA
"440";"Crinia_bilingua";1;NA;1;NA;0;1;0;NA
"441";"Crinia_georgiana";1;NA;1;NA;0;1;0;300
"442";"Crinia_glauerti";1;NA;1;NA;0;1;0;70
"443";"Crinia_insignifera";1;NA;1;NA;0;1;0;270
"444";"Crinia_nimbus";1;NA;1;NA;1;0;0;14
"445";"Crinia_parinsignifera";1;NA;1;NA;0;1;0;NA
"446";"Crinia_pseudinsignifera";1;NA;1;NA;0;1;0;207
"447";"Crinia_remota";1;NA;1;NA;0;1;0;NA
"448";"Crinia_signifera";1;NA;1;NA;0;1;0;150
"449";"Crinia_tasmaniensis";1;NA;1;NA;0;1;0;NA
"450";"Crinia_tinnula";1;NA;1;NA;0;1;0;120
"451";"Crossodactylus_aeneus";1;NA;1;1;0;1;0;127
"452";"Crossodactylus_gaudichaudii";1;NA;1;NA;0;1;0;144
"453";"Ctenophryne_aterrima";1;1;1;NA;0;1;0;75
"454";"Cycloramphus_boraceiensis";1;NA;1;NA;0;1;0;129
"455";"Cycloramphus_faustoi";1;NA;NA;NA;0;1;0;31
"456";"Cycloramphus_fuliginosus";1;NA;1;NA;0;1;0;NA
"457";"Dendrobates_auratus";1;NA;1;NA;0;1;0;13
"458";"Dendrobates_leucomelas";1;NA;1;1;0;1;0;8
"459";"Dendrophryniscus_brevipollicatus";1;NA;1;NA;0;1;0;65
"460";"Dendropsophus_anceps";1;NA;1;NA;0;1;0;NA
"461";"Dendropsophus_berthalutzae";1;NA;1;NA;0;1;0;70
"462";"Dendropsophus_bipunctatus";1;NA;1;1;0;1;0;NA
"463";"Dendropsophus_branneri";1;NA;1;1;0;1;0;NA
"464";"Dendropsophus_decipiens";1;NA;1;1;0;1;0;NA
"465";"Dendropsophus_ebraccatus";1;NA;1;1;0;1;0;296
"466";"Dendropsophus_elegans";1;NA;NA;1;0;1;0;411
"467";"Dendropsophus_haddadi";1;NA;1;NA;0;1;0;45
"468";"Dendropsophus_microcephalus";1;NA;1;1;0;1;0;385
"469";"Dendropsophus_microps";1;NA;1;1;0;1;0;150
"470";"Dendropsophus_minusculus";1;NA;NA;1;0;1;0;300
"471";"Dendropsophus_minutus";1;NA;NA;1;0;1;0;424
"472";"Dendropsophus_phlebodes";1;NA;1;NA;0;1;0;NA
"473";"Dendropsophus_seniculus";1;NA;NA;1;0;1;0;NA
"474";"Diasporus_diastema";NA;NA;NA;1;1;0;0;18
"475";"Diasporus_gularis";1;NA;NA;1;1;0;0;NA
"476";"Diasporus_vocator";1;NA;NA;1;1;0;0;5
"477";"Didynamipus_sjostedti";1;NA;1;NA;NA;NA;NA;NA
"478";"Discoglossus_montalentii";1;1;1;NA;0;1;0;1000
"479";"Discoglossus_pictus";1;1;1;NA;0;1;0;1500
"480";"Discoglossus_sardus";1;1;1;NA;0;1;0;1000
"481";"Dryophytes_andersonii";1;NA;NA;1;0;1;0;1000
"482";"Dryophytes_avivoca";1;NA;1;1;0;1;0;800
"483";"Dryophytes_chrysoscelis";1;NA;NA;1;0;1;0;4500
"484";"Dryophytes_cinereus";1;NA;NA;1;0;1;0;2900
"485";"Dryophytes_femoralis";1;NA;NA;1;0;1;0;2000
"486";"Dryophytes_gratiosus";1;1;NA;1;0;1;0;4034
"487";"Dryophytes_japonicus";1;NA;1;1;0;1;0;1500
"488";"Dryophytes_squirellus";1;NA;NA;1;0;1;0;2000
"489";"Dryophytes_versicolor";1;NA;NA;1;0;1;0;2600
"490";"Duttaphrynus_atukoralei";NA;NA;NA;NA;NA;NA;NA;NA
"491";"Duttaphrynus_dhufarensis";NA;NA;NA;NA;NA;NA;NA;NA
"492";"Duttaphrynus_kotagamai";NA;NA;NA;NA;NA;NA;NA;NA
"493";"Duttaphrynus_melanostictus";1;NA;NA;NA;0;1;0;NA
"494";"Duttaphrynus_noellerti";1;NA;NA;NA;0;1;0;NA
"495";"Duttaphrynus_scaber";NA;NA;NA;NA;NA;NA;NA;NA
"496";"Duttaphrynus_stomaticus";1;NA;NA;NA;NA;NA;NA;NA
"497";"Duttaphrynus_sumatranus";1;NA;1;NA;NA;NA;NA;NA
"498";"Duttaphrynus_totol";NA;NA;NA;NA;NA;NA;NA;NA
"499";"Duttaphrynus_valhallae";NA;NA;NA;NA;NA;NA;NA;NA
"500";"Dyscophus_antongilii";1;NA;1;NA;0;1;0;1250
"501";"Dyscophus_guineti";1;NA;1;NA;0;1;0;NA
"502";"Dyscophus_insularis";1;1;1;NA;0;1;0;NA
"503";"Elachistocleis_ovalis";1;NA;1;NA;0;1;0;695
"504";"Elachistocleis_surinamensis";1;NA;1;NA;0;1;0;NA
"505";"Eleutherodactylus_abbotti";1;NA;1;NA;1;0;0;NA
"506";"Eleutherodactylus_acmonis";1;NA;NA;1;1;0;0;NA
"507";"Eleutherodactylus_adelus";1;NA;NA;NA;1;0;0;4
"508";"Eleutherodactylus_albipes";1;NA;NA;NA;1;0;0;NA
"509";"Eleutherodactylus_alcoae";1;NA;NA;NA;1;0;0;NA
"510";"Eleutherodactylus_alticola";1;NA;NA;NA;1;0;0;41
"511";"Eleutherodactylus_amadeus";1;NA;NA;1;1;0;0;19
"512";"Eleutherodactylus_amplinympha";NA;NA;NA;1;1;0;0;32
"513";"Eleutherodactylus_andrewsi";1;NA;1;NA;1;0;0;NA
"514";"Eleutherodactylus_antillensis";1;NA;1;1;1;0;0;42
"515";"Eleutherodactylus_apostates";1;NA;1;NA;1;0;0;NA
"516";"Eleutherodactylus_armstrongi";1;NA;NA;1;1;0;0;49
"517";"Eleutherodactylus_atkinsi";1;NA;1;NA;1;0;0;NA
"518";"Eleutherodactylus_audanti";1;NA;1;NA;1;0;0;NA
"519";"Eleutherodactylus_auriculatoides";1;NA;NA;1;1;0;0;NA
"520";"Eleutherodactylus_auriculatus";1;NA;NA;1;1;0;0;36
"521";"Eleutherodactylus_bakeri";1;NA;NA;1;1;0;0;NA
"522";"Eleutherodactylus_barlagnei";NA;1;1;NA;1;0;0;NA
"523";"Eleutherodactylus_bartonsmithi";1;NA;NA;1;1;0;0;NA
"524";"Eleutherodactylus_blairhedgesi";1;NA;1;NA;1;0;0;NA
"525";"Eleutherodactylus_bresslerae";1;NA;1;NA;1;0;0;NA
"526";"Eleutherodactylus_brevirostris";1;NA;1;NA;1;0;0;NA
"527";"Eleutherodactylus_brittoni";1;NA;1;NA;1;0;0;NA
"528";"Eleutherodactylus_caribe";1;NA;1;1;1;0;0;NA
"529";"Eleutherodactylus_casparii";1;NA;1;NA;1;0;0;NA
"530";"Eleutherodactylus_cavernicola";1;1;1;NA;1;0;0;NA
"531";"Eleutherodactylus_chlorophenax";1;NA;1;NA;1;0;0;NA
"532";"Eleutherodactylus_cochranae";1;NA;NA;1;1;0;0;NA
"533";"Eleutherodactylus_cooki";1;NA;1;NA;1;0;0;29
"534";"Eleutherodactylus_coqui";1;NA;NA;1;1;0;0;41
"535";"Eleutherodactylus_corona";1;NA;NA;1;1;0;0;3
"536";"Eleutherodactylus_counouspeus";1;NA;1;NA;1;0;0;NA
"537";"Eleutherodactylus_cubanus";1;NA;1;NA;1;0;0;1
"538";"Eleutherodactylus_cundalli";1;1;1;NA;1;0;0;76
"539";"Eleutherodactylus_cuneatus";1;NA;1;1;1;0;0;43
"540";"Eleutherodactylus_darlingtoni";1;NA;1;NA;1;0;0;NA
"541";"Eleutherodactylus_dimidiatus";1;NA;1;NA;1;0;0;NA
"542";"Eleutherodactylus_diplasius";NA;NA;NA;NA;NA;NA;NA;NA
"543";"Eleutherodactylus_dolomedes";1;NA;NA;1;1;0;0;NA
"544";"Eleutherodactylus_eileenae";1;NA;1;1;1;0;0;NA
"545";"Eleutherodactylus_emiliae";1;NA;1;NA;1;0;0;NA
"546";"Eleutherodactylus_eneidae";1;NA;1;1;1;0;0;NA
"547";"Eleutherodactylus_etheridgei";1;NA;1;NA;1;0;0;NA
"548";"Eleutherodactylus_eunaster";1;NA;NA;1;1;0;0;NA
"549";"Eleutherodactylus_flavescens";1;NA;1;1;1;0;0;NA
"550";"Eleutherodactylus_fowleri";1;NA;NA;1;1;0;0;12
"551";"Eleutherodactylus_furcyensis";1;NA;1;NA;1;0;0;NA
"552";"Eleutherodactylus_fuscus";1;NA;1;NA;1;0;0;NA
"553";"Eleutherodactylus_glamyrus";1;NA;NA;1;1;0;0;11
"554";"Eleutherodactylus_glandulifer";1;NA;1;NA;1;0;0;NA
"555";"Eleutherodactylus_glanduliferoides";1;NA;1;NA;1;0;0;NA
"556";"Eleutherodactylus_glaphycompus";1;NA;1;NA;1;0;0;NA
"557";"Eleutherodactylus_glaucoreius";1;NA;1;NA;1;0;0;NA
"558";"Eleutherodactylus_goini";1;NA;1;NA;1;0;0;NA
"559";"Eleutherodactylus_gossei";1;NA;1;NA;1;0;0;NA
"560";"Eleutherodactylus_grabhami";1;NA;NA;1;1;0;0;NA
"561";"Eleutherodactylus_grahami";1;NA;1;NA;1;0;0;NA
"562";"Eleutherodactylus_greyi";1;NA;1;NA;1;0;0;NA
"563";"Eleutherodactylus_griphus";1;NA;1;1;1;0;0;NA
"564";"Eleutherodactylus_gryllus";1;NA;1;1;1;0;0;NA
"565";"Eleutherodactylus_guanahacabibes";1;NA;1;NA;1;0;0;11
"566";"Eleutherodactylus_guantanamera";1;NA;NA;1;1;0;0;13
"567";"Eleutherodactylus_gundlachi";1;NA;1;NA;1;0;0;NA
"568";"Eleutherodactylus_haitianus";1;NA;NA;NA;1;0;0;NA
"569";"Eleutherodactylus_hedricki";NA;NA;1;1;1;0;0;32
"570";"Eleutherodactylus_heminota";1;NA;1;1;1;0;0;NA
"571";"Eleutherodactylus_hypostenor";1;1;1;NA;1;0;0;NA
"572";"Eleutherodactylus_iberia";1;NA;1;NA;1;0;0;1
"573";"Eleutherodactylus_inoptatus";1;NA;1;1;1;0;0;NA
"574";"Eleutherodactylus_intermedius";1;NA;1;NA;1;0;0;NA
"575";"Eleutherodactylus_ionthus";1;NA;NA;1;1;0;0;NA
"576";"Eleutherodactylus_jamaicensis";1;NA;NA;1;1;0;0;28
"577";"Eleutherodactylus_jasperi";1;NA;1;1;0;0;1;5
"578";"Eleutherodactylus_jaumei";1;NA;1;NA;1;0;0;2
"579";"Eleutherodactylus_johnstonei";1;NA;NA;1;1;0;0;30
"580";"Eleutherodactylus_juanariveroi";NA;NA;NA;1;NA;NA;NA;5
"581";"Eleutherodactylus_jugans";1;NA;1;NA;1;0;0;NA
"582";"Eleutherodactylus_junori";1;NA;1;NA;1;0;0;NA
"583";"Eleutherodactylus_karlschmidti";1;NA;1;1;1;0;0;NA
"584";"Eleutherodactylus_klinikowskii";1;NA;1;NA;1;0;0;NA
"585";"Eleutherodactylus_lamprotes";1;NA;NA;1;1;0;0;NA
"586";"Eleutherodactylus_leberi";1;NA;1;1;1;0;0;27
"587";"Eleutherodactylus_lentus";1;NA;1;NA;1;0;0;NA
"588";"Eleutherodactylus_leoncei";1;NA;1;NA;1;0;0;NA
"589";"Eleutherodactylus_limbatus";1;NA;1;NA;1;0;0;1
"590";"Eleutherodactylus_locustus";1;NA;1;1;1;0;0;NA
"591";"Eleutherodactylus_lucioi";1;NA;1;NA;1;0;0;NA
"592";"Eleutherodactylus_luteolus";1;NA;1;NA;1;0;0;NA
"593";"Eleutherodactylus_maestrensis";1;NA;NA;NA;1;0;0;NA
"594";"Eleutherodactylus_mariposa";1;NA;NA;1;1;0;0;NA
"595";"Eleutherodactylus_martinicensis";1;NA;1;1;1;0;0;NA
"596";"Eleutherodactylus_melacara";1;NA;NA;1;1;0;0;5
"597";"Eleutherodactylus_michaelschmidi";1;NA;NA;NA;1;0;0;NA
"598";"Eleutherodactylus_minutus";1;NA;1;NA;1;0;0;NA
"599";"Eleutherodactylus_monensis";1;NA;1;NA;1;0;0;28
"600";"Eleutherodactylus_montanus";1;NA;NA;1;1;0;0;NA
"601";"Eleutherodactylus_nortoni";1;NA;1;1;1;0;0;NA
"602";"Eleutherodactylus_notidodes";NA;NA;NA;NA;NA;NA;NA;NA
"603";"Eleutherodactylus_nubicola";1;NA;1;NA;1;0;0;53
"604";"Eleutherodactylus_orcutti";1;NA;1;1;1;0;0;NA
"605";"Eleutherodactylus_orientalis";1;NA;1;NA;1;0;0;1
"606";"Eleutherodactylus_oxyrhyncus";1;NA;1;NA;1;0;0;NA
"607";"Eleutherodactylus_pallidus";1;NA;1;NA;1;0;0;NA
"608";"Eleutherodactylus_pantoni";1;NA;1;NA;1;0;0;104
"609";"Eleutherodactylus_parabates";1;NA;1;1;1;0;0;NA
"610";"Eleutherodactylus_paralius";NA;NA;NA;NA;NA;NA;NA;NA
"611";"Eleutherodactylus_parapelates";NA;1;NA;NA;1;0;0;NA
"612";"Eleutherodactylus_patriciae";1;NA;1;NA;1;0;0;NA
"613";"Eleutherodactylus_paulsoni";1;NA;1;NA;1;0;0;NA
"614";"Eleutherodactylus_pentasyringos";1;NA;1;NA;1;0;0;NA
"615";"Eleutherodactylus_pezopetrus";1;NA;1;NA;1;0;0;NA
"616";"Eleutherodactylus_pictissimus";1;NA;1;NA;1;0;0;NA
"617";"Eleutherodactylus_pinarensis";1;NA;1;NA;1;0;0;NA
"618";"Eleutherodactylus_pinchoni";1;NA;1;NA;1;0;0;NA
"619";"Eleutherodactylus_pituinus";1;NA;1;NA;1;0;0;NA
"620";"Eleutherodactylus_planirostris";1;NA;1;1;1;0;0;26
"621";"Eleutherodactylus_poolei";1;NA;1;NA;1;0;0;NA
"622";"Eleutherodactylus_portoricensis";NA;NA;NA;1;1;0;0;27
"623";"Eleutherodactylus_principalis";1;NA;NA;1;1;0;0;NA
"624";"Eleutherodactylus_probolaeus";1;NA;1;1;1;0;0;NA
"625";"Eleutherodactylus_rhodesi";1;NA;NA;NA;1;0;0;NA
"626";"Eleutherodactylus_richmondi";1;NA;1;NA;1;0;0;NA
"627";"Eleutherodactylus_ricordii";1;NA;1;NA;1;0;0;25
"628";"Eleutherodactylus_riparius";1;NA;1;1;1;0;0;NA
"629";"Eleutherodactylus_rivularis";1;NA;1;1;1;0;0;42
"630";"Eleutherodactylus_rogersi";NA;NA;NA;NA;NA;NA;NA;NA
"631";"Eleutherodactylus_ronaldi";1;NA;1;1;1;0;0;NA
"632";"Eleutherodactylus_rufifemoralis";1;NA;1;NA;1;0;0;NA
"633";"Eleutherodactylus_ruthae";1;1;1;NA;1;0;0;NA
"634";"Eleutherodactylus_schmidti";1;NA;1;1;1;0;0;NA
"635";"Eleutherodactylus_schwartzi";1;NA;1;NA;1;0;0;NA
"636";"Eleutherodactylus_sciagraphus";1;NA;1;NA;1;0;0;NA
"637";"Eleutherodactylus_semipalmatus";1;1;1;NA;1;0;0;NA
"638";"Eleutherodactylus_simulans";1;NA;1;1;1;0;0;NA
"639";"Eleutherodactylus_sisyphodemus";1;NA;1;NA;1;0;0;10
"640";"Eleutherodactylus_sommeri";1;NA;NA;1;NA;NA;NA;NA
"641";"Eleutherodactylus_symingtoni";1;NA;1;NA;1;0;0;NA
"642";"Eleutherodactylus_tetajulia";1;NA;1;NA;1;0;0;6
"643";"Eleutherodactylus_thomasi";1;NA;1;NA;1;0;0;NA
"644";"Eleutherodactylus_thorectes";1;NA;NA;1;1;0;0;3
"645";"Eleutherodactylus_toa";1;NA;1;NA;1;0;0;NA
"646";"Eleutherodactylus_tonyi";1;NA;1;NA;1;0;0;NA
"647";"Eleutherodactylus_turquinensis";1;NA;1;NA;1;0;0;24
"648";"Eleutherodactylus_unicolor";1;1;1;NA;1;0;0;NA
"649";"Eleutherodactylus_varians";1;NA;NA;1;1;0;0;NA
"650";"Eleutherodactylus_varleyi";1;NA;1;NA;1;0;0;4
"651";"Eleutherodactylus_ventrilineatus";1;NA;1;NA;1;0;0;NA
"652";"Eleutherodactylus_warreni";1;NA;1;NA;1;0;0;NA
"653";"Eleutherodactylus_weinlandi";1;NA;1;NA;1;0;0;NA
"654";"Eleutherodactylus_wetmorei";1;NA;NA;1;1;0;0;NA
"655";"Eleutherodactylus_wightmanae";1;NA;1;NA;1;0;0;30
"656";"Eleutherodactylus_zeus";1;NA;1;NA;1;0;0;NA
"657";"Eleutherodactylus_zugi";1;NA;1;NA;1;0;0;NA
"658";"Engystomops_pustulatus";1;NA;1;NA;0;1;0;NA
"659";"Engystomops_pustulosus";1;1;1;NA;0;1;0;330
"660";"Epidalea_calamita";1;NA;NA;NA;0;1;0;4000
"661";"Epipedobates_boulengeri";1;NA;1;NA;0;1;0;29
"662";"Espadarana_callistomma";NA;NA;NA;1;NA;NA;NA;NA
"663";"Espadarana_prosoblepon";1;NA;1;1;NA;NA;NA;112
"664";"Euphlyctis_cyanophlyctis";1;1;1;NA;0;1;0;844
"665";"Euphlyctis_ehrenbergii";1;1;1;NA;0;1;0;NA
"666";"Euphlyctis_hexadactylus";NA;NA;1;NA;0;1;0;2000
"667";"Eupsophus_calcaratus";1;NA;1;NA;0;1;0;NA
"668";"Eupsophus_emiliopugini";1;NA;1;NA;0;1;0;NA
"669";"Eupsophus_insularis";1;NA;1;NA;0;1;0;NA
"670";"Feihyla_kajau";1;NA;NA;1;0;1;0;NA
"671";"Fejervarya_cancrivora";1;NA;1;1;0;1;0;1187
"672";"Fejervarya_iskandari";1;NA;1;1;0;1;0;NA
"673";"Fejervarya_limnocharis";1;NA;1;1;0;1;0;1561
"674";"Fejervarya_moodiei";NA;NA;1;NA;0;1;0;NA
"675";"Fejervarya_sakishimensis";1;NA;1;NA;NA;NA;NA;3800
"676";"Fejervarya_verruculosa";1;NA;1;1;0;1;0;NA
"677";"Fejervarya_vittigera";1;NA;1;1;0;1;0;NA
"678";"Flectonotus_fitzgeraldi";1;NA;NA;1;0;1;0;6
"679";"Frostius_pernambucensis";1;NA;NA;1;0;1;0;NA
"680";"Gastrophryne_carolinensis";1;1;1;NA;0;1;0;850
"681";"Gastrophryne_olivacea";1;1;1;NA;0;1;0;622
"682";"Gastrophrynoides_borneensis";1;NA;1;NA;NA;NA;NA;NA
"683";"Gastrotheca_cornuta";1;NA;NA;1;1;0;0;15
"684";"Gastrotheca_fissipes";1;NA;1;1;1;0;0;16
"685";"Gastrotheca_microdiscus";1;NA;NA;1;1;0;0;NA
"686";"Geocrinia_laevis";1;NA;1;NA;0;1;0;110
"687";"Geocrinia_leai";1;NA;1;NA;0;1;0;74
"688";"Gephyromantis_ambohitra";1;NA;NA;1;1;0;0;NA
"689";"Gephyromantis_asper";1;NA;NA;1;1;0;0;NA
"690";"Gephyromantis_azzurrae";NA;NA;NA;1;0;1;0;NA
"691";"Gephyromantis_blanci";1;NA;NA;NA;1;0;0;NA
"692";"Gephyromantis_boulengeri";1;NA;NA;1;1;0;0;NA
"693";"Gephyromantis_cornutus";1;NA;NA;1;NA;NA;NA;NA
"694";"Gephyromantis_corvus";1;NA;NA;NA;0;1;0;NA
"695";"Gephyromantis_decaryi";1;NA;NA;1;1;0;0;NA
"696";"Gephyromantis_eiselti";1;NA;NA;1;1;0;0;4
"697";"Gephyromantis_enki";1;NA;NA;NA;1;0;0;NA
"698";"Gephyromantis_granulatus";1;NA;NA;1;NA;NA;NA;NA
"699";"Gephyromantis_horridus";1;NA;NA;1;1;0;0;80
"700";"Gephyromantis_klemmeri";1;NA;NA;NA;1;0;0;NA
"701";"Gephyromantis_leucocephalus";1;NA;NA;1;1;0;0;NA
"702";"Gephyromantis_leucomaculatus";NA;NA;NA;1;1;0;0;NA
"703";"Gephyromantis_luteus";1;NA;NA;1;1;0;0;NA
"704";"Gephyromantis_malagasius";1;NA;NA;NA;1;0;0;232
"705";"Gephyromantis_moseri";1;NA;NA;1;NA;NA;NA;NA
"706";"Gephyromantis_plicifer";1;NA;NA;1;1;0;0;NA
"707";"Gephyromantis_pseudoasper";1;NA;NA;1;0;1;0;12
"708";"Gephyromantis_redimitus";1;NA;NA;1;NA;NA;NA;NA
"709";"Gephyromantis_rivicola";1;NA;NA;NA;NA;NA;NA;NA
"710";"Gephyromantis_runewsweeki";1;NA;NA;1;1;0;0;NA
"711";"Gephyromantis_salegy";NA;NA;NA;1;1;0;0;NA
"712";"Gephyromantis_schilfi";1;NA;NA;1;1;0;0;NA
"713";"Gephyromantis_sculpturatus";1;NA;NA;1;1;0;0;NA
"714";"Gephyromantis_silvanus";1;1;NA;NA;NA;NA;NA;NA
"715";"Gephyromantis_spiniferus";1;NA;NA;NA;1;0;0;NA
"716";"Gephyromantis_striatus";1;NA;NA;1;NA;NA;NA;NA
"717";"Gephyromantis_tandroka";1;NA;NA;1;NA;NA;NA;NA
"718";"Gephyromantis_thelenae";1;NA;NA;1;1;0;0;NA
"719";"Gephyromantis_tschenki";NA;NA;NA;1;NA;NA;NA;NA
"720";"Gephyromantis_ventrimaculatus";1;NA;NA;NA;1;0;0;NA
"721";"Gephyromantis_webbi";1;NA;NA;NA;0;1;0;7
"722";"Gephyromantis_zavona";NA;NA;NA;1;NA;NA;NA;NA
"723";"Glandirana_emeljanovi";1;NA;1;NA;0;1;0;1130
"724";"Glandirana_rugosa";1;NA;1;NA;0;1;0;1350
"725";"Glyphoglossus_brooksii";1;NA;1;NA;0;1;0;NA
"726";"Glyphoglossus_flavus";1;1;1;NA;0;1;0;NA
"727";"Glyphoglossus_guttulatus";1;1;1;NA;0;1;0;NA
"728";"Glyphoglossus_molossus";1;1;1;NA;0;1;0;NA
"729";"Glyphoglossus_smithi";1;NA;1;NA;0;1;0;NA
"730";"Glyphoglossus_volzi";1;NA;1;NA;0;1;0;NA
"731";"Guibemantis_albolineatus";NA;NA;NA;1;0;1;0;NA
"732";"Guibemantis_bicalcaratus";NA;NA;NA;1;0;1;0;NA
"733";"Guibemantis_depressiceps";NA;NA;NA;1;0;1;0;120
"734";"Guibemantis_flavobrunneus";NA;NA;NA;1;NA;NA;NA;NA
"735";"Guibemantis_kathrinae";NA;NA;NA;1;0;1;0;NA
"736";"Guibemantis_liber";NA;NA;NA;1;0;1;0;90
"737";"Guibemantis_pulcher";NA;NA;NA;1;0;1;0;NA
"738";"Guibemantis_punctatus";NA;NA;NA;1;0;1;0;NA
"739";"Guibemantis_timidus";NA;NA;NA;1;0;1;0;NA
"740";"Guibemantis_tornieri";NA;NA;NA;1;0;1;0;NA
"741";"Haddadus_binotatus";1;NA;NA;NA;1;0;0;33
"742";"Heleioporus_eyrei";1;1;1;NA;0;1;0;500
"743";"Heleioporus_psammophilus";1;1;1;NA;0;1;0;185
"744";"Hemiphractus_fasciatus";1;NA;1;1;1;0;0;14
"745";"Hemisus_guineensis";NA;1;NA;NA;0;1;0;NA
"746";"Hemisus_marmoratus";NA;1;NA;NA;0;1;0;250
"747";"Heterixalus_alboguttatus";1;NA;1;1;0;1;0;500
"748";"Heterixalus_andrakata";1;NA;1;1;0;1;0;NA
"749";"Heterixalus_betsileo";1;NA;1;1;0;1;0;80
"750";"Heterixalus_boettgeri";1;NA;1;1;0;1;0;NA
"751";"Heterixalus_carbonei";1;NA;1;1;0;1;0;NA
"752";"Heterixalus_luteostriatus";1;NA;1;1;0;1;0;NA
"753";"Heterixalus_madagascariensis";1;NA;1;1;0;1;0;NA
"754";"Heterixalus_punctatus";1;NA;1;1;0;1;0;NA
"755";"Heterixalus_rutenbergi";1;NA;1;1;0;1;0;NA
"756";"Heterixalus_tricolor";1;NA;1;1;0;1;0;NA
"757";"Heterixalus_variabilis";1;NA;1;1;0;1;0;NA
"758";"Hildebrandtia_ornata";1;1;1;NA;0;1;0;1336
"759";"Hoplobatrachus_crassus";1;1;1;NA;0;1;0;NA
"760";"Hoplobatrachus_occipitalis";1;NA;1;NA;0;1;0;1600
"761";"Hoplobatrachus_rugulosus";1;NA;1;1;0;1;0;2000
"762";"Hoplobatrachus_tigerinus";1;NA;1;1;0;1;0;5750
"763";"Huia_cavitympanum";1;NA;1;NA;0;1;0;NA
"764";"Hyalinobatrachium_colymbiphyllum";1;NA;1;1;0;1;0;180
"765";"Hyalinobatrachium_orientale";1;NA;NA;1;0;1;0;NA
"766";"Hyalinobatrachium_valerioi";1;NA;1;1;0;1;0;55
"767";"Hydrophylax_gracilis";1;NA;1;1;0;1;0;NA
"768";"Hydrophylax_leptoglossa";1;NA;1;NA;0;1;0;NA
"769";"Hydrophylax_malabaricus";1;NA;1;NA;0;1;0;NA
"770";"Hyla_arborea";1;NA;NA;1;0;1;0;2000
"771";"Hyla_chinensis";NA;NA;1;1;0;1;0;459
"772";"Hyla_hallowellii";NA;NA;1;1;0;1;0;NA
"773";"Hyla_intermedia";1;NA;NA;1;0;1;0;1400
"774";"Hyla_sarda";1;NA;1;1;0;1;0;1000
"775";"Hyla_savignyi";NA;NA;1;1;0;1;0;1000
"776";"Hyla_simplex";1;NA;NA;1;0;1;0;NA
"777";"Hylarana_celebensis";1;NA;1;1;0;1;0;NA
"778";"Hylarana_erythraea";1;NA;1;NA;0;1;0;NA
"779";"Hylarana_latouchii";1;NA;NA;NA;0;1;0;1126
"780";"Hylarana_macrodactyla";1;NA;NA;NA;0;1;0;300
"781";"Hylarana_persimilis";1;NA;1;NA;0;1;0;NA
"782";"Hylarana_taipehensis";1;NA;1;NA;0;1;0;200
"783";"Hylodes_asper";1;NA;1;1;0;1;0;114
"784";"Hylodes_fredi";1;NA;1;NA;0;1;0;NA
"785";"Hylodes_nasus";1;NA;1;1;0;1;0;NA
"786";"Hylodes_phyllodes";1;NA;1;NA;0;1;0;53
"787";"Hylophorbus_infulatus";1;NA;1;NA;1;0;0;NA
"788";"Hylophorbus_nigrinus";1;NA;1;NA;1;0;0;NA
"789";"Hylophorbus_picoides";1;NA;1;NA;1;0;0;NA
"790";"Hylophorbus_proekes";NA;NA;NA;NA;NA;NA;NA;NA
"791";"Hylophorbus_rainerguentheri";NA;NA;NA;1;1;0;0;NA
"792";"Hylophorbus_richardsi";1;NA;1;NA;1;0;0;NA
"793";"Hylophorbus_rufescens";1;NA;1;NA;1;0;0;19
"794";"Hylophorbus_sextus";1;NA;1;NA;1;0;0;NA
"795";"Hylophorbus_tetraphonus";1;NA;1;NA;1;0;0;NA
"796";"Hylophorbus_wondiwoi";1;NA;1;NA;1;0;0;NA
"797";"Hylorina_sylvatica";1;NA;1;NA;0;1;0;NA
"798";"Hyperolius_argus";1;NA;NA;1;0;1;0;200
"799";"Hyperolius_chlorosteus";1;NA;NA;1;0;1;0;NA
"800";"Hyperolius_concolor";1;NA;NA;1;0;1;0;NA
"801";"Hyperolius_fusciventris";1;NA;NA;1;0;1;0;NA
"802";"Hyperolius_glandicolor";1;NA;1;1;0;1;0;NA
"803";"Hyperolius_guttulatus";1;NA;1;1;0;1;0;250
"804";"Hyperolius_igbettensis";1;NA;NA;1;0;1;0;NA
"805";"Hyperolius_lamottei";1;NA;NA;1;0;1;0;NA
"806";"Hyperolius_mariae";1;NA;NA;1;0;1;0;330
"807";"Hyperolius_marmoratus";1;NA;NA;1;0;1;0;650
"808";"Hyperolius_mitchelli";1;NA;1;1;0;1;0;200
"809";"Hyperolius_molleri";NA;NA;1;1;0;1;0;110
"810";"Hyperolius_nitidulus";1;NA;NA;1;0;1;0;850
"811";"Hyperolius_occidentalis";1;NA;NA;1;0;1;0;NA
"812";"Hyperolius_ocellatus";1;NA;NA;1;0;1;0;NA
"813";"Hyperolius_parkeri";1;NA;NA;1;0;1;0;110
"814";"Hyperolius_picturatus";1;NA;1;1;0;1;0;NA
"815";"Hyperolius_puncticulatus";1;NA;1;1;0;1;0;186
"816";"Hyperolius_pusillus";1;NA;NA;1;0;1;0;313
"817";"Hyperolius_spatzi";1;NA;NA;1;NA;NA;NA;NA
"818";"Hyperolius_substriatus";NA;NA;NA;1;0;1;0;NA
"819";"Hyperolius_sylvaticus";1;NA;1;1;0;1;0;NA
"820";"Hyperolius_thomensis";NA;NA;1;1;0;1;0;60
"821";"Hyperolius_tuberculatus";1;NA;1;1;0;1;0;NA
"822";"Hyperolius_tuberilinguis";1;NA;1;1;0;1;0;400
"823";"Hyperolius_viridigulosus";1;NA;1;1;NA;NA;NA;NA
"824";"Hyperolius_watsonae";NA;NA;NA;1;0;1;0;NA
"825";"Hypopachus_variolosus";1;1;1;NA;0;1;0;700
"826";"Incilius_alvarius";1;NA;NA;NA;0;1;0;8000
"827";"Incilius_aucoinae";1;NA;NA;NA;0;1;0;NA
"828";"Incilius_coccifer";1;NA;NA;NA;0;1;0;6000
"829";"Incilius_coniferus";1;NA;NA;1;0;1;0;3000
"830";"Incilius_luetkenii";1;NA;NA;NA;0;1;0;5600
"831";"Incilius_mazatlanensis";1;NA;1;NA;0;1;0;NA
"832";"Incilius_melanochlorus";1;NA;NA;NA;0;1;0;NA
"833";"Incilius_nebulifer";1;NA;NA;NA;0;1;0;5614
"834";"Incilius_valliceps";1;NA;NA;NA;0;1;0;27
"835";"Indosylvirana_aurantiaca";1;NA;1;1;0;1;0;NA
"836";"Indosylvirana_temporalis";1;NA;1;NA;0;1;0;1200
"837";"Ingerana_charlesdarwini";NA;NA;NA;1;0;1;0;NA
"838";"Ingerana_tenasserimensis";1;NA;1;1;1;0;0;NA
"839";"Ingerophrynus_biporcatus";1;NA;1;NA;0;1;0;NA
"840";"Ingerophrynus_celebensis";1;NA;NA;NA;0;1;0;NA
"841";"Ingerophrynus_claviger";1;NA;NA;NA;0;1;0;NA
"842";"Ingerophrynus_divergens";1;NA;1;NA;0;1;0;NA
"843";"Ingerophrynus_galeatus";1;NA;NA;NA;0;1;0;NA
"844";"Ingerophrynus_ledongensis";NA;NA;NA;NA;NA;NA;NA;NA
"845";"Ingerophrynus_macrotis";1;NA;NA;NA;0;1;0;NA
"846";"Ingerophrynus_parvus";1;NA;NA;NA;0;1;0;NA
"847";"Ingerophrynus_philippinicus";1;NA;NA;NA;0;1;0;NA
"848";"Ingerophrynus_quadriporcatus";1;NA;NA;NA;0;1;0;NA
"849";"Ischnocnema_bolbodactyla";1;NA;NA;NA;1;0;0;NA
"850";"Ischnocnema_guentheri";1;NA;NA;NA;1;0;0;40
"851";"Ischnocnema_henselii";1;NA;NA;NA;NA;NA;NA;NA
"852";"Ischnocnema_manezinho";1;NA;NA;NA;1;0;0;NA
"853";"Ischnocnema_nasuta";1;NA;NA;NA;1;0;0;NA
"854";"Ischnocnema_octavioi";1;NA;NA;NA;1;0;0;NA
"855";"Ischnocnema_parva";1;NA;NA;NA;1;0;0;30
"856";"Itapotihyla_langsdorffii";1;NA;NA;1;0;1;0;7953
"857";"Kalophrynus_baluensis";1;NA;1;NA;0;1;0;NA
"858";"Kalophrynus_bunguranus";1;NA;1;NA;0;1;0;NA
"859";"Kalophrynus_calciphilus";1;NA;NA;NA;NA;NA;NA;NA
"860";"Kalophrynus_eok";1;NA;1;NA;0;1;0;NA
"861";"Kalophrynus_heterochirus";1;NA;1;NA;0;1;0;NA
"862";"Kalophrynus_interlineatus";1;NA;1;NA;0;1;0;NA
"863";"Kalophrynus_intermedius";1;NA;1;NA;0;1;0;NA
"864";"Kalophrynus_minusculus";1;NA;1;NA;0;1;0;50
"865";"Kalophrynus_nubicola";1;NA;1;NA;0;1;0;NA
"866";"Kalophrynus_pleurostigma";1;NA;1;NA;0;1;0;4000
"867";"Kalophrynus_punctatus";1;NA;1;NA;0;1;0;NA
"868";"Kalophrynus_subterrestris";1;1;NA;NA;0;1;0;NA
"869";"Kaloula_baleata";NA;1;NA;NA;0;1;0;NA
"870";"Kaloula_borealis";NA;1;NA;NA;0;1;0;NA
"871";"Kaloula_conjuncta";NA;NA;NA;1;0;1;0;NA
"872";"Kaloula_kalingensis";NA;NA;NA;1;0;1;0;NA
"873";"Kaloula_kokacii";1;NA;1;1;0;1;0;NA
"874";"Kaloula_picta";1;1;NA;NA;0;1;0;NA
"875";"Kaloula_pulchra";1;1;NA;NA;0;1;0;4126
"876";"Kaloula_rigida";1;1;NA;NA;0;1;0;NA
"877";"Kaloula_walteri";1;1;NA;NA;0;1;0;NA
"878";"Kassina_arboricola";1;NA;1;1;0;1;0;NA
"879";"Kassina_cochranae";1;NA;NA;1;0;1;0;180
"880";"Kassina_jozani";1;NA;NA;NA;0;1;0;NA
"881";"Kassina_maculata";1;NA;1;1;0;1;0;201
"882";"Kassina_senegalensis";1;NA;1;NA;0;1;0;600
"883";"Kurixalus_appendiculatus";1;NA;NA;1;0;1;0;NA
"884";"Kurixalus_bisacculus";NA;NA;NA;1;0;1;0;NA
"885";"Kurixalus_eiffingeri";NA;NA;1;1;0;1;0;79
"886";"Kurixalus_idiootocus";1;NA;1;1;0;1;0;NA
"887";"Kurixalus_odontotarsus";1;NA;1;NA;NA;NA;NA;NA
"888";"Laliostoma_labrosum";1;1;1;NA;0;1;0;NA
"889";"Lankanectes_corrugatus";NA;1;1;NA;0;1;0;NA
"890";"Lechriodus_aganoposis";1;1;1;NA;0;1;0;NA
"891";"Lechriodus_fletcheri";1;1;1;NA;0;1;0;300
"892";"Lechriodus_melanopyga";1;1;1;NA;0;1;0;NA
"893";"Lechriodus_platyceps";1;1;1;NA;0;1;0;NA
"894";"Leiopelma_archeyi";1;NA;1;NA;1;0;0;13
"895";"Leiopelma_hochstetteri";1;NA;1;1;1;0;0;165
"896";"Leptobrachella_arayai";1;NA;1;NA;0;1;0;NA
"897";"Leptobrachella_baluensis";1;NA;1;NA;0;1;0;NA
"898";"Leptobrachella_brevicrus";1;NA;1;NA;0;1;0;NA
"899";"Leptobrachella_dringi";1;NA;1;NA;0;1;0;NA
"900";"Leptobrachella_gracilis";1;NA;1;NA;0;1;0;NA
"901";"Leptobrachella_hamidi";1;NA;1;NA;0;1;0;NA
"902";"Leptobrachella_kajangensis";1;NA;NA;NA;0;1;0;NA
"903";"Leptobrachella_maura";1;NA;1;NA;0;1;0;NA
"904";"Leptobrachella_mjobergi";1;NA;1;NA;0;1;0;NA
"905";"Leptobrachella_natunae";1;NA;1;NA;0;1;0;NA
"906";"Leptobrachella_palmata";1;NA;1;NA;0;1;0;NA
"907";"Leptobrachella_parva";1;NA;1;NA;0;1;0;NA
"908";"Leptobrachella_pelodytoides";1;NA;1;NA;0;1;0;144
"909";"Leptobrachella_picta";1;NA;1;NA;0;1;0;NA
"910";"Leptobrachella_serasanae";1;NA;1;NA;0;1;0;NA
"911";"Leptobrachium_abbotti";1;NA;1;NA;0;1;0;NA
"912";"Leptobrachium_gunungense";1;NA;1;NA;0;1;0;NA
"913";"Leptobrachium_hainanense";1;NA;1;NA;0;1;0;NA
"914";"Leptobrachium_hasseltii";1;NA;1;NA;0;1;0;NA
"915";"Leptobrachium_hendricksoni";1;NA;1;NA;0;1;0;NA
"916";"Leptobrachium_lumadorum";1;NA;NA;NA;NA;NA;NA;NA
"917";"Leptobrachium_mangyanorum";1;NA;NA;NA;NA;NA;NA;NA
"918";"Leptobrachium_montanum";1;NA;1;NA;0;1;0;217
"919";"Leptobrachium_nigrops";1;NA;1;NA;0;1;0;NA
"920";"Leptobrachium_smithi";1;NA;1;NA;0;1;0;NA
"921";"Leptobrachium_tagbanorum";1;NA;NA;NA;NA;NA;NA;NA
"922";"Leptobrachium_waysepuntiense";1;NA;NA;NA;NA;NA;NA;NA
"923";"Leptodactylus_albilabris";1;NA;1;1;0;1;0;200
"924";"Leptodactylus_bolivianus";1;NA;1;NA;0;1;0;1500
"925";"Leptodactylus_fallax";1;NA;1;1;0;1;0;NA
"926";"Leptodactylus_flavopictus";1;NA;1;1;0;1;0;NA
"927";"Leptodactylus_fragilis";1;NA;1;1;0;1;0;250
"928";"Leptodactylus_fuscus";1;NA;1;NA;0;1;0;248
"929";"Leptodactylus_labrosus";1;NA;1;1;0;1;0;NA
"930";"Leptodactylus_labyrinthicus";1;NA;1;NA;NA;NA;NA;4099
"931";"Leptodactylus_latrans";1;NA;1;NA;NA;NA;NA;5515
"932";"Leptodactylus_longirostris";1;1;1;NA;0;1;0;NA
"933";"Leptodactylus_marambaiae";1;NA;1;1;0;1;0;NA
"934";"Leptodactylus_melanonotus";1;NA;1;1;0;1;0;1500
"935";"Leptodactylus_mystaceus";1;1;1;NA;0;1;0;425
"936";"Leptodactylus_mystacinus";1;1;1;NA;0;1;0;401
"937";"Leptodactylus_natalensis";1;1;1;NA;0;1;0;1721
"938";"Leptodactylus_nesiotus";1;1;1;NA;0;1;0;NA
"939";"Leptodactylus_poecilochilus";1;NA;1;1;0;1;0;NA
"940";"Leptodactylus_savagei";1;NA;NA;NA;NA;NA;NA;1000
"941";"Leptodactylus_spixi";1;1;1;NA;0;1;0;NA
"942";"Leptodactylus_troglodytes";1;1;1;NA;0;1;0;427
"943";"Leptodactylus_validus";1;NA;1;1;0;1;0;NA
"944";"Leptodactylus_vastus";1;NA;1;NA;NA;NA;NA;NA
"945";"Leptodactylus_ventrimaculatus";1;NA;1;1;0;1;0;NA
"946";"Leptopelis_argenteus";1;NA;1;1;0;1;0;NA
"947";"Leptopelis_boulengeri";1;NA;NA;1;0;1;0;NA
"948";"Leptopelis_brevipes";1;NA;1;NA;0;1;0;NA
"949";"Leptopelis_brevirostris";NA;NA;1;1;1;0;0;NA
"950";"Leptopelis_calcaratus";1;NA;NA;1;0;1;0;NA
"951";"Leptopelis_flavomaculatus";1;NA;1;1;0;1;0;250
"952";"Leptopelis_macrotis";1;NA;NA;1;0;1;0;NA
"953";"Leptopelis_modestus";1;NA;1;1;0;1;0;NA
"954";"Leptopelis_mossambicus";1;1;1;NA;0;1;0;NA
"955";"Leptopelis_notatus";NA;NA;1;1;0;1;0;NA
"956";"Leptopelis_occidentalis";1;NA;NA;1;0;1;0;NA
"957";"Leptopelis_palmatus";1;NA;1;1;0;1;0;NA
"958";"Leptopelis_spiritusnoctis";NA;NA;NA;1;0;1;0;50
"959";"Leptopelis_viridis";1;1;1;NA;0;1;0;187
"960";"Leptophryne_borbonica";1;NA;1;1;0;1;0;NA
"961";"Leptophryne_cruentata";1;NA;1;1;0;1;0;NA
"962";"Limnodynastes_convexiusculus";1;1;1;NA;0;1;0;NA
"963";"Limnodynastes_depressus";1;NA;1;1;0;1;0;NA
"964";"Limnodynastes_dorsalis";1;NA;1;1;0;1;0;1000
"965";"Limnodynastes_dumerilii";1;NA;1;1;0;1;0;3950
"966";"Limnodynastes_fletcheri";1;NA;1;1;0;1;0;300
"967";"Limnodynastes_lignarius";1;NA;1;1;0;1;0;400
"968";"Limnodynastes_peronii";1;NA;1;1;0;1;0;1000
"969";"Limnodynastes_salmini";1;NA;1;1;0;1;0;2035
"970";"Limnodynastes_tasmaniensis";1;NA;1;1;0;1;0;1350
"971";"Limnodynastes_terraereginae";1;NA;1;1;0;1;0;192
"972";"Limnonectes_acanthi";1;NA;1;NA;0;1;0;NA
"973";"Limnonectes_arathooni";1;NA;1;NA;0;1;0;29
"974";"Limnonectes_asperatus";1;NA;1;NA;0;1;0;NA
"975";"Limnonectes_blythii";1;1;1;NA;0;1;0;1852
"976";"Limnonectes_dabanus";NA;1;1;NA;0;1;0;NA
"977";"Limnonectes_dammermani";1;NA;1;NA;0;1;0;NA
"978";"Limnonectes_diuatus";1;NA;1;NA;0;1;0;NA
"979";"Limnonectes_doriae";1;NA;1;NA;0;1;0;NA
"980";"Limnonectes_ferneri";1;NA;1;NA;NA;NA;NA;NA
"981";"Limnonectes_finchi";1;NA;1;NA;0;1;0;NA
"982";"Limnonectes_fragilis";1;NA;1;NA;0;1;0;NA
"983";"Limnonectes_fujianensis";1;NA;1;NA;0;1;0;186
"984";"Limnonectes_grunniens";1;NA;1;NA;0;1;0;2062
"985";"Limnonectes_gyldenstolpei";1;NA;1;NA;0;1;0;NA
"986";"Limnonectes_hascheanus";1;NA;1;NA;1;0;0;NA
"987";"Limnonectes_heinrichi";1;NA;1;NA;0;1;0;NA
"988";"Limnonectes_ibanorum";1;NA;1;NA;0;1;0;1433
"989";"Limnonectes_ingeri";1;NA;1;NA;0;1;0;NA
"990";"Limnonectes_kadarsani";1;NA;1;NA;0;1;0;NA
"991";"Limnonectes_kenepaiensis";1;NA;1;NA;0;1;0;NA
"992";"Limnonectes_kohchangae";1;NA;1;NA;0;1;0;NA
"993";"Limnonectes_kuhlii";1;NA;1;NA;0;1;0;80
"994";"Limnonectes_laticeps";1;NA;1;NA;0;1;0;265
"995";"Limnonectes_leporinus";1;NA;1;NA;0;1;0;2472
"996";"Limnonectes_leytensis";1;NA;1;NA;0;1;0;62
"997";"Limnonectes_macrocephalus";1;NA;1;NA;0;1;0;NA
"998";"Limnonectes_macrodon";1;NA;1;NA;0;1;0;1660
"999";"Limnonectes_macrognathus";1;NA;1;NA;0;1;0;NA
"1000";"Limnonectes_magnus";1;NA;1;NA;0;1;0;NA
"1001";"Limnonectes_malesianus";1;NA;1;NA;0;1;0;NA
"1002";"Limnonectes_micrixalus";1;NA;1;NA;0;1;0;NA
"1003";"Limnonectes_microdiscus";1;NA;1;NA;0;1;0;53
"1004";"Limnonectes_microtympanum";1;NA;1;NA;0;1;0;NA
"1005";"Limnonectes_modestus";1;NA;1;NA;0;1;0;NA
"1006";"Limnonectes_namiyei";1;NA;1;NA;0;1;0;NA
"1007";"Limnonectes_palavanensis";1;NA;1;NA;0;1;0;50
"1008";"Limnonectes_paramacrodon";1;NA;1;NA;0;1;0;NA
"1009";"Limnonectes_parvus";1;NA;1;NA;0;1;0;12
"1010";"Limnonectes_plicatellus";1;NA;1;NA;0;1;0;NA
"1011";"Limnonectes_rhacodus";1;NA;1;NA;0;1;0;NA
"1012";"Limnonectes_shompenorum";1;NA;1;NA;0;1;0;NA
"1013";"Limnonectes_tweediei";1;NA;1;NA;0;1;0;NA
"1014";"Limnonectes_visayanus";1;NA;1;NA;0;1;0;208
"1015";"Limnonectes_woodworthi";1;NA;1;NA;0;1;0;NA
"1016";"Lithobates_berlandieri";1;NA;1;NA;0;1;0;NA
"1017";"Lithobates_capito";1;1;1;NA;0;1;0;7000
"1018";"Lithobates_catesbeianus";1;NA;1;NA;0;1;0;25500
"1019";"Lithobates_clamitans";1;NA;1;NA;0;1;0;5500
"1020";"Lithobates_forreri";1;NA;1;NA;0;1;0;100
"1021";"Lithobates_grylio";1;NA;1;NA;0;1;0;15000
"1022";"Lithobates_heckscheri";1;NA;1;NA;0;1;0;8000
"1023";"Lithobates_magnaocularis";NA;NA;1;NA;0;1;0;NA
"1024";"Lithobates_palmipes";1;NA;1;NA;0;1;0;6750
"1025";"Lithobates_palustris";1;NA;1;NA;0;1;0;3000
"1026";"Lithobates_pipiens";1;NA;1;NA;0;1;0;8000
"1027";"Lithobates_septentrionalis";1;NA;1;NA;0;1;0;2250
"1028";"Lithobates_sphenocephalus";1;NA;1;NA;0;1;0;8000
"1029";"Lithobates_sylvaticus";1;NA;1;NA;0;1;0;3000
"1030";"Lithobates_vaillanti";1;NA;1;NA;0;1;0;NA
"1031";"Lithobates_virgatipes";1;NA;1;NA;0;1;0;600
"1032";"Lithobates_warszewitschii";1;NA;1;NA;0;1;0;NA
"1033";"Litoria_adelaidensis";1;NA;1;1;0;1;0;NA
"1034";"Litoria_alboguttata";1;1;NA;NA;0;1;0;NA
"1035";"Litoria_albolabris";NA;NA;NA;NA;0;1;0;NA
"1036";"Litoria_amboinensis";1;NA;1;1;0;1;0;NA
"1037";"Litoria_angiana";1;NA;1;1;0;1;0;NA
"1038";"Litoria_arfakiana";1;NA;1;1;0;1;0;NA
"1039";"Litoria_aruensis";NA;NA;NA;NA;0;1;0;NA
"1040";"Litoria_auae";NA;NA;NA;1;0;1;0;200
"1041";"Litoria_aurea";1;NA;1;1;0;1;0;11682
"1042";"Litoria_australis";1;1;NA;NA;0;1;0;4000
"1043";"Litoria_becki";1;NA;1;1;0;1;0;NA
"1044";"Litoria_biakensis";NA;NA;NA;1;0;1;0;NA
"1045";"Litoria_bibonius";1;NA;NA;1;NA;NA;NA;NA
"1046";"Litoria_bicolor";1;NA;1;1;0;1;0;700
"1047";"Litoria_brevipalmata";1;NA;1;1;0;1;0;556
"1048";"Litoria_brevipes";1;1;NA;NA;0;1;0;930
"1049";"Litoria_brongersmai";1;NA;1;1;0;1;0;NA
"1050";"Litoria_bulmeri";1;NA;1;1;0;1;0;NA
"1051";"Litoria_burrowsi";NA;NA;NA;1;0;1;0;NA
"1052";"Litoria_caerulea";1;NA;1;1;0;1;0;4400
"1053";"Litoria_capitula";NA;NA;NA;NA;0;1;0;NA
"1054";"Litoria_chloris";1;NA;1;1;0;1;0;1053
"1055";"Litoria_chloristona";1;NA;1;1;NA;NA;NA;NA
"1056";"Litoria_chloronota";1;NA;1;1;0;1;0;NA
"1057";"Litoria_chrisdahli";NA;NA;NA;1;0;1;0;NA
"1058";"Litoria_christianbergmanni";NA;NA;NA;1;NA;NA;NA;NA
"1059";"Litoria_congenita";1;NA;1;1;0;1;0;NA
"1060";"Litoria_contrastens";1;NA;1;1;0;1;0;NA
"1061";"Litoria_cooloolensis";1;NA;1;1;0;1;0;NA
"1062";"Litoria_coplandi";1;NA;1;1;0;1;0;NA
"1063";"Litoria_cryptotis";1;1;NA;NA;0;1;0;NA
"1064";"Litoria_dahlii";1;NA;1;1;0;1;0;NA
"1065";"Litoria_darlingtoni";1;NA;1;1;0;1;0;NA
"1066";"Litoria_dentata";1;NA;1;1;0;1;0;3054
"1067";"Litoria_dorsalis";1;NA;1;1;0;1;0;NA
"1068";"Litoria_dorsivena";1;NA;1;1;0;1;0;NA
"1069";"Litoria_dux";NA;NA;NA;NA;0;1;0;NA
"1070";"Litoria_elkeae";1;NA;1;1;0;1;0;NA
"1071";"Litoria_eschata";NA;NA;NA;NA;NA;NA;NA;NA
"1072";"Litoria_eucnemis";1;NA;1;1;0;1;0;800
"1073";"Litoria_eurynastes";1;NA;NA;1;NA;NA;NA;NA
"1074";"Litoria_everetti";1;NA;1;1;0;1;0;NA
"1075";"Litoria_ewingii";1;NA;NA;1;0;1;0;700
"1076";"Litoria_exophthalmia";1;NA;1;1;0;1;0;NA
"1077";"Litoria_fallax";1;NA;NA;1;0;1;0;1000
"1078";"Litoria_flavescens";1;NA;NA;1;NA;NA;NA;NA
"1079";"Litoria_freycineti";1;NA;1;1;0;1;0;NA
"1080";"Litoria_fuscula";1;NA;NA;1;0;1;0;NA
"1081";"Litoria_gasconi";NA;NA;NA;1;NA;NA;NA;NA
"1082";"Litoria_genimaculata";1;NA;1;1;0;1;0;843
"1083";"Litoria_gracilenta";1;NA;1;1;0;1;0;1100
"1084";"Litoria_graminea";1;NA;NA;1;0;1;0;NA
"1085";"Litoria_havina";1;NA;1;1;0;1;0;36
"1086";"Litoria_hilli";1;NA;1;NA;0;1;0;46
"1087";"Litoria_humboldtorum";NA;NA;NA;1;0;1;0;NA
"1088";"Litoria_hunti";NA;NA;NA;NA;0;1;0;NA
"1089";"Litoria_impura";1;NA;1;1;0;1;0;NA
"1090";"Litoria_inermis";1;NA;1;1;0;1;0;330
"1091";"Litoria_iris";1;NA;1;1;0;1;0;37
"1092";"Litoria_kumae";NA;NA;NA;1;0;1;0;NA
"1093";"Litoria_latopalmata";1;NA;1;1;0;1;0;200
"1094";"Litoria_leucova";1;NA;1;1;0;1;0;NA
"1095";"Litoria_littlejohni";1;NA;1;1;0;1;0;194
"1096";"Litoria_lodesdema";1;NA;NA;1;NA;NA;NA;NA
"1097";"Litoria_longicrus";1;NA;1;1;0;1;0;NA
"1098";"Litoria_longipes";1;1;NA;NA;0;1;0;2000
"1099";"Litoria_louisiadensis";NA;NA;NA;1;0;1;0;NA
"1100";"Litoria_lutea";1;NA;NA;1;0;1;0;NA
"1101";"Litoria_macki";1;NA;1;1;0;1;0;NA
"1102";"Litoria_majikthise";1;NA;1;1;0;1;0;NA
"1103";"Litoria_mareku";NA;NA;NA;1;NA;NA;NA;NA
"1104";"Litoria_megalops";1;NA;NA;1;0;1;0;NA
"1105";"Litoria_meiriana";1;NA;1;1;0;1;0;115
"1106";"Litoria_microbelos";1;NA;1;1;0;1;0;275
"1107";"Litoria_micromembrana";1;NA;1;1;0;1;0;NA
"1108";"Litoria_modica";1;NA;1;1;0;1;0;NA
"1109";"Litoria_moorei";1;NA;1;1;0;1;0;NA
"1110";"Litoria_mucro";1;NA;1;1;0;1;0;NA
"1111";"Litoria_multicolor";NA;NA;NA;1;0;1;0;NA
"1112";"Litoria_multiplica";1;NA;1;1;0;1;0;NA
"1113";"Litoria_mystax";NA;NA;NA;NA;0;1;0;NA
"1114";"Litoria_napaea";1;NA;1;1;0;1;0;NA
"1115";"Litoria_nasuta";1;NA;1;1;0;1;0;100
"1116";"Litoria_nigrofrenata";1;NA;1;1;0;1;0;450
"1117";"Litoria_nigropunctata";1;NA;1;1;0;1;0;NA
"1118";"Litoria_novaehollandiae";1;1;NA;NA;0;1;0;1000
"1119";"Litoria_obtusirostris";NA;NA;NA;NA;0;1;0;NA
"1120";"Litoria_oenicolen";1;NA;1;1;0;1;0;NA
"1121";"Litoria_ollauro";1;NA;1;1;0;1;0;NA
"1122";"Litoria_olongburensis";1;NA;1;1;0;1;0;160
"1123";"Litoria_pallida";1;NA;1;1;0;1;0;350
"1124";"Litoria_peronii";1;NA;NA;1;0;1;0;1869
"1125";"Litoria_phyllochroa";1;NA;1;1;0;1;0;NA
"1126";"Litoria_pratti";1;NA;1;1;0;1;0;NA
"1127";"Litoria_pronimia";1;NA;1;1;0;1;0;NA
"1128";"Litoria_prora";1;NA;NA;1;0;1;0;NA
"1129";"Litoria_purpureolata";NA;NA;NA;1;0;1;0;NA
"1130";"Litoria_pygmaea";1;NA;1;1;0;1;0;NA
"1131";"Litoria_quadrilineata";1;NA;1;1;0;1;0;NA
"1132";"Litoria_raniformis";1;NA;1;1;0;1;0;2889
"1133";"Litoria_rara";NA;NA;NA;1;0;1;0;NA
"1134";"Litoria_revelata";1;NA;1;1;0;1;0;1000
"1135";"Litoria_richardsi";NA;NA;NA;NA;0;1;0;NA
"1136";"Litoria_rivicola";NA;NA;NA;1;0;1;0;NA
"1137";"Litoria_robinsonae";NA;NA;NA;1;NA;NA;NA;NA
"1138";"Litoria_rothii";1;NA;1;1;0;1;0;700
"1139";"Litoria_rubella";1;NA;1;1;0;1;0;300
"1140";"Litoria_rubrops";1;NA;1;1;0;1;0;NA
"1141";"Litoria_rueppelli";NA;NA;NA;1;0;1;0;NA
"1142";"Litoria_sanguinolenta";1;NA;1;1;0;1;0;NA
"1143";"Litoria_scabra";1;NA;1;1;0;1;0;NA
"1144";"Litoria_singadanae";NA;NA;NA;NA;NA;NA;NA;NA
"1145";"Litoria_spartacus";NA;NA;NA;NA;0;1;0;NA
"1146";"Litoria_spinifera";1;NA;1;1;0;1;0;NA
"1147";"Litoria_splendida";1;NA;1;1;0;1;0;6500
"1148";"Litoria_staccato";1;NA;1;1;0;1;0;NA
"1149";"Litoria_thesaurensis";1;NA;1;1;0;1;0;NA
"1150";"Litoria_timida";1;NA;1;1;0;1;0;NA
"1151";"Litoria_tornieri";1;NA;1;1;0;1;0;200
"1152";"Litoria_tyleri";1;NA;1;1;0;1;0;NA
"1153";"Litoria_umarensis";NA;NA;NA;NA;0;1;0;NA
"1154";"Litoria_umbonata";1;NA;1;1;0;1;0;NA
"1155";"Litoria_vagabunda";1;NA;1;1;0;1;0;NA
"1156";"Litoria_vagitus";1;1;NA;NA;0;1;0;NA
"1157";"Litoria_verae";NA;NA;NA;NA;0;1;0;NA
"1158";"Litoria_verreauxii";1;NA;1;1;0;1;0;1011
"1159";"Litoria_viranula";NA;NA;NA;1;NA;NA;NA;NA
"1160";"Litoria_vocivincens";1;NA;1;1;0;1;0;400
"1161";"Litoria_wapogaensis";1;NA;1;1;0;1;0;NA
"1162";"Litoria_watjulumensis";1;NA;1;1;0;1;0;200
"1163";"Litoria_wilcoxii";1;NA;NA;NA;0;1;0;NA
"1164";"Litoria_wisselensis";1;NA;1;1;0;1;0;NA
"1165";"Litoria_wollastoni";1;NA;1;1;0;1;0;NA
"1166";"Liuixalus_hainanus";NA;NA;NA;NA;NA;NA;NA;NA
"1167";"Liuixalus_ocellatus";1;NA;NA;1;NA;NA;NA;NA
"1168";"Liuixalus_romeri";NA;NA;NA;1;0;1;0;NA
"1169";"Macrogenioglottus_alipioi";1;NA;1;1;0;1;0;NA
"1170";"Madecassophryne_truebae";1;NA;1;NA;NA;NA;NA;18
"1171";"Mannophryne_olmonae";1;NA;1;NA;0;1;0;12
"1172";"Mannophryne_trinitatis";1;NA;1;NA;0;1;0;11
"1173";"Mantella_aurantiaca";1;NA;1;NA;0;1;0;232
"1174";"Mantella_baroni";1;NA;1;NA;0;1;0;NA
"1175";"Mantella_bernhardi";1;NA;1;NA;0;1;0;NA
"1176";"Mantella_betsileo";1;NA;1;NA;0;1;0;35
"1177";"Mantella_cowanii";1;NA;1;NA;0;1;0;40
"1178";"Mantella_crocea";1;NA;1;NA;0;1;0;NA
"1179";"Mantella_ebenaui";1;NA;NA;NA;0;1;0;NA
"1180";"Mantella_expectata";1;NA;1;NA;0;1;0;NA
"1181";"Mantella_haraldmeieri";1;NA;1;NA;0;1;0;65
"1182";"Mantella_laevigata";1;NA;1;1;0;1;0;1
"1183";"Mantella_madagascariensis";1;NA;1;NA;0;1;0;NA
"1184";"Mantella_manery";1;NA;1;NA;0;1;0;NA
"1185";"Mantella_milotympanum";1;NA;1;NA;0;1;0;NA
"1186";"Mantella_nigricans";1;NA;1;NA;0;1;0;NA
"1187";"Mantella_pulchra";1;NA;1;NA;0;1;0;NA
"1188";"Mantella_viridis";1;NA;1;NA;0;1;0;NA
"1189";"Mantidactylus_aerumnalis";1;NA;1;NA;0;1;0;NA
"1190";"Mantidactylus_albofrenatus";1;NA;1;NA;0;1;0;NA
"1191";"Mantidactylus_alutus";1;NA;1;NA;0;1;0;NA
"1192";"Mantidactylus_ambohimitombi";1;NA;1;NA;NA;NA;NA;NA
"1193";"Mantidactylus_ambreensis";1;NA;1;NA;0;1;0;NA
"1194";"Mantidactylus_argenteus";NA;NA;1;1;0;1;0;12
"1195";"Mantidactylus_bellyi";1;NA;1;NA;0;1;0;NA
"1196";"Mantidactylus_betsileanus";1;NA;1;NA;0;1;0;NA
"1197";"Mantidactylus_biporus";1;NA;1;NA;0;1;0;NA
"1198";"Mantidactylus_bourgati";1;NA;1;NA;0;1;0;NA
"1199";"Mantidactylus_brevipalmatus";1;NA;1;NA;0;1;0;30
"1200";"Mantidactylus_charlotteae";1;NA;1;NA;0;1;0;NA
"1201";"Mantidactylus_cowanii";1;NA;1;NA;0;1;0;NA
"1202";"Mantidactylus_curtus";1;NA;1;NA;0;1;0;NA
"1203";"Mantidactylus_delormei";1;NA;1;NA;0;1;0;NA
"1204";"Mantidactylus_femoralis";1;NA;1;NA;0;1;0;NA
"1205";"Mantidactylus_grandidieri";1;NA;1;NA;0;1;0;NA
"1206";"Mantidactylus_guttulatus";1;NA;1;NA;0;1;0;NA
"1207";"Mantidactylus_lugubris";1;NA;1;NA;0;1;0;NA
"1208";"Mantidactylus_madecassus";1;NA;1;NA;0;1;0;NA
"1209";"Mantidactylus_majori";1;NA;1;NA;0;1;0;15
"1210";"Mantidactylus_melanopleura";1;NA;1;1;0;1;0;NA
"1211";"Mantidactylus_mocquardi";1;NA;1;NA;0;1;0;NA
"1212";"Mantidactylus_noralottae";NA;NA;NA;1;0;1;0;NA
"1213";"Mantidactylus_opiparis";1;NA;1;1;0;1;0;NA
"1214";"Mantidactylus_pauliani";1;NA;1;NA;0;1;0;NA
"1215";"Mantidactylus_tricinctus";1;NA;1;NA;0;1;0;NA
"1216";"Mantidactylus_ulcerosus";1;NA;1;NA;0;1;0;NA
"1217";"Mantidactylus_zipperi";1;NA;1;NA;0;1;0;NA
"1218";"Mantidactylus_zolitschka";1;NA;1;NA;0;1;0;NA
"1219";"Mantophryne_axanthogaster";1;NA;1;NA;NA;NA;NA;NA
"1220";"Mantophryne_lateralis";1;NA;1;NA;1;0;0;NA
"1221";"Mantophryne_louisiadensis";1;NA;1;NA;1;0;0;NA
"1222";"Mantophryne_menziesi";1;NA;1;NA;1;0;0;NA
"1223";"Megophrys_baluensis";1;NA;1;1;0;1;0;NA
"1224";"Megophrys_boettgeri";1;NA;1;1;0;1;0;NA
"1225";"Megophrys_brachykolos";1;NA;1;1;0;1;0;NA
"1226";"Megophrys_dringi";1;NA;1;1;0;1;0;NA
"1227";"Megophrys_edwardinae";1;NA;NA;NA;0;1;0;NA
"1228";"Megophrys_kobayashii";1;NA;1;NA;0;1;0;NA
"1229";"Megophrys_ligayae";1;NA;1;NA;0;1;0;NA
"1230";"Megophrys_montana";1;NA;1;NA;0;1;0;NA
"1231";"Megophrys_nasuta";1;NA;1;NA;0;1;0;2033
"1232";"Megophrys_parallela";1;NA;NA;NA;0;1;0;NA
"1233";"Megophrys_parva";1;NA;1;1;0;1;0;NA
"1234";"Megophrys_stejnegeri";1;NA;1;NA;0;1;0;NA
"1235";"Meristogenys_amoropalamus";1;1;1;NA;0;1;0;232
"1236";"Meristogenys_jerboa";1;1;1;NA;0;1;0;2463
"1237";"Meristogenys_kinabaluensis";1;1;NA;1;0;1;0;NA
"1238";"Meristogenys_macrophthalmus";NA;1;1;NA;0;1;0;NA
"1239";"Meristogenys_maryatiae";1;NA;1;NA;NA;NA;NA;NA
"1240";"Meristogenys_orphnocnemis";1;1;NA;1;0;1;0;NA
"1241";"Meristogenys_phaeomerus";1;1;NA;1;0;1;0;NA
"1242";"Meristogenys_poecilus";1;1;NA;1;0;1;0;NA
"1243";"Meristogenys_stenocephalus";1;NA;1;NA;NA;NA;NA;NA
"1244";"Meristogenys_stigmachilus";1;NA;1;NA;NA;NA;NA;NA
"1245";"Meristogenys_whiteheadi";1;1;1;NA;0;1;0;NA
"1246";"Mertensophryne_howelli";1;NA;NA;NA;0;1;0;NA
"1247";"Mertensophryne_lindneri";1;NA;NA;NA;0;1;0;NA
"1248";"Mertensophryne_micranotis";1;NA;1;NA;0;1;0;35
"1249";"Mertensophryne_taitana";1;NA;NA;NA;0;1;0;350
"1250";"Metaphrynella_pollicaris";1;NA;NA;1;0;1;0;NA
"1251";"Metaphrynella_sundana";1;NA;NA;1;0;1;0;79
"1252";"Microhyla_achatina";1;NA;1;NA;0;1;0;20
"1253";"Microhyla_berdmorei";1;NA;1;NA;0;1;0;NA
"1254";"Microhyla_borneensis";1;NA;1;NA;0;1;0;NA
"1255";"Microhyla_butleri";1;NA;1;NA;0;1;0;9
"1256";"Microhyla_chakrapanii";1;NA;1;NA;0;1;0;NA
"1257";"Microhyla_fissipes";1;1;NA;NA;0;1;0;NA
"1258";"Microhyla_heymonsi";1;NA;1;NA;0;1;0;350
"1259";"Microhyla_karunaratnei";1;NA;1;NA;0;1;0;NA
"1260";"Microhyla_maculifera";1;NA;1;NA;0;1;0;NA
"1261";"Microhyla_mantheyi";1;NA;NA;NA;0;1;0;NA
"1262";"Microhyla_mixtura";1;NA;1;NA;0;1;0;657
"1263";"Microhyla_okinavensis";1;NA;NA;NA;0;1;0;NA
"1264";"Microhyla_ornata";1;1;1;NA;0;1;0;225
"1265";"Microhyla_palmipes";1;NA;1;NA;0;1;0;NA
"1266";"Microhyla_pulchra";1;NA;1;NA;0;1;0;1256
"1267";"Microhyla_rubra";1;NA;1;NA;0;1;0;NA
"1268";"Microhyla_superciliaris";1;NA;1;NA;0;1;0;NA
"1269";"Microhyla_zeylanica";1;NA;1;NA;0;1;0;NA
"1270";"Micryletta_erythropoda";1;NA;1;NA;0;1;0;NA
"1271";"Micryletta_inornata";1;NA;1;NA;0;1;0;NA
"1272";"Micryletta_steinegeri";1;NA;1;NA;0;1;0;NA
"1273";"Minervarya_andamanensis";1;NA;1;1;0;1;0;NA
"1274";"Minervarya_greenii";1;NA;1;1;0;1;0;NA
"1275";"Minervarya_kirtisinghei";1;NA;1;1;0;1;0;NA
"1276";"Minervarya_nicobariensis";1;NA;1;1;0;1;0;NA
"1277";"Minervarya_rufescens";1;1;NA;NA;0;1;0;NA
"1278";"Mixophyes_balbus";1;NA;1;NA;0;1;0;1025
"1279";"Mixophyes_fasciolatus";1;NA;1;NA;0;1;0;2005
"1280";"Mixophyes_hihihorlo";1;NA;1;NA;0;1;0;NA
"1281";"Mixophyes_iteratus";1;NA;1;NA;0;1;0;2200
"1282";"Myersiella_microps";1;1;1;NA;1;0;0;32
"1283";"Nannophryne_variegata";1;NA;NA;NA;0;1;0;139
"1284";"Nannophrys_ceylonensis";1;1;1;NA;0;1;0;43
"1285";"Nannophrys_marmorata";1;1;1;NA;0;1;0;NA
"1286";"Nannophrys_naeyakai";1;1;1;NA;0;1;0;NA
"1287";"Nanohyla_perparva";1;NA;1;NA;0;1;0;NA
"1288";"Nanohyla_petrigena";1;NA;1;NA;0;1;0;NA
"1289";"Nectophryne_afra";1;NA;NA;1;0;1;0;NA
"1290";"Neobatrachus_pelobatoides";1;1;1;NA;0;1;0;NA
"1291";"Neobatrachus_pictus";1;1;1;NA;0;1;0;1000
"1292";"Nidirana_adenopleura";1;NA;1;NA;0;1;0;352
"1293";"Nidirana_hainanensis";NA;NA;NA;NA;NA;NA;NA;NA
"1294";"Nidirana_okinavana";1;NA;NA;NA;0;1;0;500
"1295";"Notaden_melanoscaphus";1;1;1;NA;0;1;0;1200
"1296";"Nyctimystes_avocalis";NA;NA;NA;1;0;1;0;NA
"1297";"Nyctimystes_cheesmani";NA;NA;NA;1;0;1;0;NA
"1298";"Nyctimystes_daymani";NA;NA;NA;NA;0;1;0;NA
"1299";"Nyctimystes_disruptus";NA;NA;NA;1;0;1;0;NA
"1300";"Nyctimystes_fluviatilis";NA;NA;NA;NA;0;1;0;NA
"1301";"Nyctimystes_foricula";NA;NA;NA;1;0;1;0;NA
"1302";"Nyctimystes_granti";NA;NA;NA;NA;0;1;0;NA
"1303";"Nyctimystes_gularis";NA;NA;NA;NA;0;1;0;NA
"1304";"Nyctimystes_humeralis";NA;NA;NA;1;0;1;0;NA
"1305";"Nyctimystes_infrafrenatus";1;NA;1;1;0;1;0;2232
"1306";"Nyctimystes_kubori";NA;NA;NA;1;0;1;0;NA
"1307";"Nyctimystes_kuduki";NA;NA;NA;NA;0;1;0;NA
"1308";"Nyctimystes_montanus";NA;NA;NA;NA;0;1;0;NA
"1309";"Nyctimystes_narinosus";NA;NA;NA;1;0;1;0;NA
"1310";"Nyctimystes_obsoletus";NA;NA;NA;NA;0;1;0;NA
"1311";"Nyctimystes_oktediensis";NA;NA;NA;NA;0;1;0;NA
"1312";"Nyctimystes_papua";NA;NA;NA;NA;0;1;0;NA
"1313";"Nyctimystes_perimetri";NA;NA;NA;1;0;1;0;NA
"1314";"Nyctimystes_persimilis";NA;NA;NA;NA;0;1;0;NA
"1315";"Nyctimystes_pulcher";NA;NA;NA;1;0;1;0;NA
"1316";"Nyctimystes_sauroni";NA;NA;NA;NA;0;1;0;NA
"1317";"Nyctimystes_semipalmatus";NA;NA;NA;1;0;1;0;NA
"1318";"Nyctimystes_trachydermis";NA;NA;NA;1;0;1;0;NA
"1319";"Nyctimystes_zweifeli";NA;NA;NA;NA;0;1;0;NA
"1320";"Nyctixalus_margaritifer";1;NA;NA;1;0;1;0;15
"1321";"Nyctixalus_pictus";1;NA;NA;1;0;1;0;NA
"1322";"Nyctixalus_spinosus";1;NA;NA;1;0;1;0;NA
"1323";"Occidozyga_baluensis";1;1;1;NA;0;1;0;NA
"1324";"Occidozyga_celebensis";1;1;1;NA;0;1;0;NA
"1325";"Occidozyga_diminutiva";1;NA;1;NA;0;1;0;NA
"1326";"Occidozyga_floresiana";NA;NA;NA;NA;0;1;0;NA
"1327";"Occidozyga_laevis";NA;1;1;NA;0;1;0;140
"1328";"Occidozyga_lima";NA;1;1;NA;0;1;0;708
"1329";"Occidozyga_martensii";NA;1;1;NA;0;1;0;NA
"1330";"Occidozyga_semipalmata";1;NA;1;NA;0;1;0;NA
"1331";"Occidozyga_sumatrana";1;1;1;NA;0;1;0;40
"1332";"Odontophrynus_americanus";1;1;1;NA;0;1;0;NA
"1333";"Odorrana_amamiensis";1;NA;1;NA;0;1;0;NA
"1334";"Odorrana_chloronota";1;NA;1;NA;0;1;0;NA
"1335";"Odorrana_graminea";NA;NA;NA;NA;0;1;0;NA
"1336";"Odorrana_hainanensis";1;NA;1;NA;0;1;0;NA
"1337";"Odorrana_hosii";1;NA;1;1;0;1;0;2320
"1338";"Odorrana_ishikawae";1;NA;1;NA;0;1;0;NA
"1339";"Odorrana_narina";1;NA;1;NA;0;1;0;200
"1340";"Odorrana_nasuta";1;NA;NA;NA;0;1;0;NA
"1341";"Odorrana_supranarina";1;NA;NA;NA;0;1;0;1100
"1342";"Odorrana_swinhoana";1;NA;1;NA;0;1;0;45
"1343";"Odorrana_utsunomiyaorum";1;NA;1;NA;0;1;0;NA
"1344";"Ololygon_argyreornata";1;NA;1;1;0;1;0;197
"1345";"Ololygon_flavoguttata";1;NA;1;1;0;1;0;NA
"1346";"Ololygon_humilis";1;NA;1;1;0;1;0;NA
"1347";"Ololygon_littoralis";1;NA;1;1;0;1;0;701
"1348";"Ololygon_rizibilis";1;NA;1;1;0;1;0;NA
"1349";"Ololygon_trapicheiroi";1;NA;1;1;0;1;0;NA
"1350";"Oninia_senglaubi";1;NA;NA;NA;NA;NA;NA;NA
"1351";"Oophaga_granulifera";1;NA;NA;NA;0;1;0;4
"1352";"Oophaga_pumilio";1;NA;NA;1;0;1;0;17
"1353";"Oophaga_sylvatica";1;NA;NA;NA;0;1;0;6
"1354";"Oreophryne_albopunctata";NA;NA;NA;1;1;0;0;NA
"1355";"Oreophryne_alticola";NA;NA;NA;1;1;0;0;NA
"1356";"Oreophryne_anamiatoi";NA;NA;NA;1;NA;NA;NA;NA
"1357";"Oreophryne_anthonyi";1;NA;NA;1;1;0;0;31
"1358";"Oreophryne_anulata";1;NA;NA;1;1;0;0;9
"1359";"Oreophryne_asplenicola";1;NA;NA;1;1;0;0;NA
"1360";"Oreophryne_atrigularis";1;NA;NA;1;1;0;0;NA
"1361";"Oreophryne_biroi";1;NA;NA;1;1;0;0;NA
"1362";"Oreophryne_brachypus";1;NA;NA;1;1;0;0;NA
"1363";"Oreophryne_brevicrus";1;NA;NA;1;1;0;0;NA
"1364";"Oreophryne_brevirostris";1;NA;NA;NA;1;0;0;NA
"1365";"Oreophryne_celebensis";1;NA;NA;1;1;0;0;NA
"1366";"Oreophryne_clamata";1;NA;NA;1;1;0;0;10
"1367";"Oreophryne_crucifer";1;NA;NA;1;1;0;0;NA
"1368";"Oreophryne_ezra";NA;NA;NA;1;NA;NA;NA;NA
"1369";"Oreophryne_flava";1;NA;NA;1;1;0;0;NA
"1370";"Oreophryne_frontifasciata";1;NA;NA;1;1;0;0;NA
"1371";"Oreophryne_furu";NA;NA;NA;NA;NA;NA;NA;NA
"1372";"Oreophryne_geislerorum";1;NA;NA;1;1;0;0;NA
"1373";"Oreophryne_geminus";1;NA;NA;NA;1;0;0;NA
"1374";"Oreophryne_habbemensis";1;NA;NA;NA;1;0;0;NA
"1375";"Oreophryne_hypsiops";1;NA;NA;1;1;0;0;NA
"1376";"Oreophryne_idenburgensis";1;NA;NA;1;1;0;0;20
"1377";"Oreophryne_inornata";1;NA;NA;1;1;0;0;NA
"1378";"Oreophryne_insulana";1;NA;NA;1;1;0;0;NA
"1379";"Oreophryne_jeffersoniana";1;NA;NA;1;1;0;0;NA
"1380";"Oreophryne_kampeni";1;NA;NA;1;1;0;0;NA
"1381";"Oreophryne_kapisa";1;NA;NA;1;1;0;0;NA
"1382";"Oreophryne_loriae";1;NA;NA;1;1;0;0;NA
"1383";"Oreophryne_mertoni";NA;NA;NA;NA;NA;NA;NA;NA
"1384";"Oreophryne_minuta";1;NA;NA;1;1;0;0;NA
"1385";"Oreophryne_moluccensis";1;NA;NA;1;1;0;0;NA
"1386";"Oreophryne_monticola";1;NA;NA;1;1;0;0;NA
"1387";"Oreophryne_notata";1;NA;NA;1;1;0;0;NA
"1388";"Oreophryne_parkeri";1;NA;NA;1;1;0;0;NA
"1389";"Oreophryne_pseudasplenicola";1;NA;NA;1;1;0;0;NA
"1390";"Oreophryne_rookmaakeri";1;NA;NA;1;1;0;0;NA
"1391";"Oreophryne_sibilans";1;NA;NA;1;1;0;0;NA
"1392";"Oreophryne_terrestris";1;NA;NA;NA;1;0;0;NA
"1393";"Oreophryne_unicolor";1;NA;NA;1;1;0;0;NA
"1394";"Oreophryne_variabilis";1;NA;NA;1;1;0;0;NA
"1395";"Oreophryne_waira";1;NA;NA;1;1;0;0;NA
"1396";"Oreophryne_wapoga";1;NA;NA;1;1;0;0;NA
"1397";"Oreophryne_zimmeri";1;NA;NA;1;1;0;0;NA
"1398";"Osteopilus_crucialis";1;NA;NA;1;0;1;0;332
"1399";"Osteopilus_dominicensis";1;NA;NA;1;0;1;0;436
"1400";"Osteopilus_marianae";1;NA;NA;1;0;1;0;332
"1401";"Osteopilus_ocellatus";NA;NA;NA;1;NA;NA;NA;553
"1402";"Osteopilus_pulchrilineatus";1;NA;NA;1;0;1;0;NA
"1403";"Osteopilus_septentrionalis";1;NA;NA;1;0;1;0;1500
"1404";"Osteopilus_vastus";1;NA;NA;1;0;1;0;332
"1405";"Osteopilus_wilderi";1;NA;NA;1;0;1;0;NA
"1406";"Paedophryne_kathismaphlox";NA;NA;NA;NA;NA;NA;NA;NA
"1407";"Paedophryne_oyatabu";NA;NA;NA;NA;NA;NA;NA;NA
"1408";"Papurana_arfaki";1;NA;1;NA;0;1;0;NA
"1409";"Papurana_attigua";1;NA;1;NA;0;1;0;NA
"1410";"Papurana_aurata";1;NA;1;NA;0;1;0;NA
"1411";"Papurana_daemeli";1;NA;1;1;0;1;0;NA
"1412";"Papurana_elberti";1;NA;NA;NA;0;1;0;NA
"1413";"Papurana_florensis";1;NA;NA;NA;0;1;0;NA
"1414";"Papurana_garritor";1;NA;NA;1;0;1;0;NA
"1415";"Papurana_grisea";NA;NA;NA;NA;0;1;0;NA
"1416";"Papurana_jimiensis";1;NA;1;NA;0;1;0;NA
"1417";"Papurana_kreffti";1;NA;1;NA;0;1;0;NA
"1418";"Papurana_milleti";1;NA;NA;NA;0;1;0;NA
"1419";"Papurana_milneana";1;NA;1;NA;0;1;0;NA
"1420";"Papurana_moluccana";1;NA;NA;NA;0;1;0;NA
"1421";"Papurana_novaeguineae";1;NA;NA;NA;0;1;0;NA
"1422";"Papurana_papua";1;NA;1;NA;0;1;0;NA
"1423";"Papurana_supragrisea";1;NA;NA;NA;0;1;0;NA
"1424";"Papurana_volkerjane";1;NA;1;1;0;1;0;NA
"1425";"Papurana_waliesa";1;NA;1;NA;0;1;0;NA
"1426";"Paracrinia_haswelli";1;NA;1;NA;0;1;0;1000
"1427";"Paradoxophyla_palmata";1;1;1;NA;0;1;0;408
"1428";"Paradoxophyla_tiarano";1;NA;NA;NA;0;1;0;NA
"1429";"Parapelophryne_scalpta";1;NA;1;NA;0;1;0;NA
"1430";"Pelobates_fuscus";1;1;1;NA;0;1;0;3000
"1431";"Pelobates_syriacus";1;1;1;NA;0;1;0;6000
"1432";"Pelophryne_albotaeniata";1;NA;NA;1;0;1;0;NA
"1433";"Pelophryne_api";1;NA;NA;1;0;1;0;NA
"1434";"Pelophryne_brevipes";1;NA;NA;1;0;1;0;NA
"1435";"Pelophryne_guentheri";1;NA;NA;NA;0;1;0;NA
"1436";"Pelophryne_lighti";1;NA;NA;1;0;1;0;NA
"1437";"Pelophryne_linanitensis";1;NA;NA;1;NA;NA;NA;NA
"1438";"Pelophryne_misera";1;NA;1;NA;0;1;0;NA
"1439";"Pelophryne_murudensis";NA;NA;NA;1;NA;NA;NA;NA
"1440";"Pelophryne_rhopophilia";1;NA;NA;1;0;1;0;NA
"1441";"Pelophryne_saravacensis";NA;NA;NA;NA;NA;NA;NA;NA
"1442";"Pelophryne_signata";NA;NA;1;1;0;1;0;NA
"1443";"Pelophylax_bedriagae";1;NA;1;NA;0;1;0;10000
"1444";"Pelophylax_bergeri";1;NA;1;NA;0;1;0;3000
"1445";"Pelophylax_cerigensis";1;NA;1;NA;0;1;0;15000
"1446";"Pelophylax_chosenicus";1;NA;1;NA;0;1;0;NA
"1447";"Pelophylax_cretensis";1;NA;1;NA;0;1;0;15000
"1448";"Pelophylax_epeiroticus";1;NA;1;NA;0;1;0;2575
"1449";"Pelophylax_fukienensis";1;NA;1;NA;0;1;0;1011
"1450";"Pelophylax_kurtmuelleri";1;NA;1;NA;0;1;0;10000
"1451";"Pelophylax_lessonae";1;NA;1;1;0;1;0;4000
"1452";"Pelophylax_nigromaculatus";1;NA;1;NA;0;1;0;5000
"1453";"Pelophylax_plancyi";1;NA;1;NA;0;1;0;945
"1454";"Pelophylax_porosus";1;NA;1;NA;0;1;0;1695
"1455";"Pelophylax_ridibundus";1;NA;1;NA;0;1;0;13000
"1456";"Peltophryne_cataulaciceps";1;NA;1;NA;0;1;0;NA
"1457";"Peltophryne_empusa";1;1;NA;NA;0;1;0;NA
"1458";"Peltophryne_florentinoi";1;NA;NA;NA;0;1;0;NA
"1459";"Peltophryne_fluviatica";1;NA;1;NA;0;1;0;NA
"1460";"Peltophryne_fracta";1;NA;NA;NA;0;1;0;NA
"1461";"Peltophryne_fustiger";1;NA;NA;NA;0;1;0;NA
"1462";"Peltophryne_guentheri";1;NA;NA;NA;0;1;0;NA
"1463";"Peltophryne_gundlachi";1;1;NA;NA;0;1;0;NA
"1464";"Peltophryne_lemur";1;NA;NA;NA;0;1;0;15000
"1465";"Peltophryne_longinasus";1;NA;NA;1;0;1;0;NA
"1466";"Peltophryne_peltocephala";1;NA;NA;NA;0;1;0;NA
"1467";"Peltophryne_taladai";1;NA;1;NA;0;1;0;NA
"1468";"Petropedetes_cameronensis";1;NA;1;1;0;1;0;NA
"1469";"Philautus_acutirostris";1;NA;NA;1;1;0;0;NA
"1470";"Philautus_acutus";1;NA;NA;1;1;0;0;NA
"1471";"Philautus_amoenus";1;NA;NA;1;1;0;0;NA
"1472";"Philautus_aurantium";1;NA;NA;1;1;0;0;NA
"1473";"Philautus_aurifasciatus";1;NA;NA;1;1;0;0;13
"1474";"Philautus_bunitus";1;NA;NA;1;1;0;0;17
"1475";"Philautus_cornutus";1;NA;NA;1;1;0;0;NA
"1476";"Philautus_davidlabangi";NA;NA;NA;NA;NA;NA;NA;NA
"1477";"Philautus_disgregus";1;NA;NA;1;1;0;0;NA
"1478";"Philautus_erythrophthalmus";1;NA;NA;1;1;0;0;NA
"1479";"Philautus_everetti";1;NA;NA;1;0;1;0;NA
"1480";"Philautus_gunungensis";1;NA;NA;1;1;0;0;NA
"1481";"Philautus_hosii";1;NA;NA;1;1;0;0;39
"1482";"Philautus_ingeri";1;NA;NA;1;1;0;0;NA
"1483";"Philautus_jacobsoni";1;NA;NA;1;1;0;0;NA
"1484";"Philautus_juliandringi";NA;NA;NA;NA;NA;NA;NA;NA
"1485";"Philautus_kerangae";1;NA;NA;1;1;0;0;NA
"1486";"Philautus_leitensis";1;NA;NA;1;1;0;0;NA
"1487";"Philautus_longicrus";1;NA;NA;1;1;0;0;NA
"1488";"Philautus_mjobergi";1;NA;NA;1;1;0;0;NA
"1489";"Philautus_pallidipes";1;NA;NA;1;1;0;0;NA
"1490";"Philautus_petersi";1;NA;NA;1;1;0;0;20
"1491";"Philautus_poecilius";1;NA;NA;1;1;0;0;NA
"1492";"Philautus_refugii";1;NA;NA;1;1;0;0;NA
"1493";"Philautus_saueri";1;NA;NA;1;1;0;0;NA
"1494";"Philautus_schmackeri";1;NA;NA;1;1;0;0;15
"1495";"Philautus_similis";1;NA;NA;1;1;0;0;NA
"1496";"Philautus_surdus";1;NA;NA;1;1;0;0;NA
"1497";"Philautus_surrufus";1;NA;NA;1;1;0;0;NA
"1498";"Philautus_tectus";1;NA;NA;1;1;0;0;NA
"1499";"Philautus_umbra";1;NA;NA;1;1;0;0;NA
"1500";"Philautus_vittiger";1;NA;NA;1;1;0;0;66
"1501";"Philautus_worcesteri";1;NA;NA;1;1;0;0;NA
"1502";"Phlyctimantis_boulengeri";1;NA;1;1;0;1;0;NA
"1503";"Phrynella_pulchra";1;NA;NA;1;0;1;0;NA
"1504";"Phrynobatrachus_acridoides";1;NA;1;NA;0;1;0;NA
"1505";"Phrynobatrachus_africanus";1;NA;NA;NA;0;1;0;NA
"1506";"Phrynobatrachus_alleni";1;NA;1;NA;0;1;0;NA
"1507";"Phrynobatrachus_annulatus";1;NA;1;NA;NA;NA;NA;NA
"1508";"Phrynobatrachus_auritus";1;NA;1;NA;0;1;0;NA
"1509";"Phrynobatrachus_calcaratus";1;NA;1;NA;0;1;0;290
"1510";"Phrynobatrachus_cornutus";1;NA;1;NA;0;1;0;NA
"1511";"Phrynobatrachus_dispar";1;NA;1;NA;0;1;0;NA
"1512";"Phrynobatrachus_francisci";1;NA;1;NA;0;1;0;2500
"1513";"Phrynobatrachus_fraterculus";1;NA;1;NA;0;1;0;NA
"1514";"Phrynobatrachus_ghanensis";1;NA;1;NA;0;1;0;NA
"1515";"Phrynobatrachus_latifrons";1;NA;NA;NA;NA;NA;NA;1300
"1516";"Phrynobatrachus_leveleve";1;NA;NA;NA;0;1;0;NA
"1517";"Phrynobatrachus_liberiensis";1;NA;1;NA;0;1;0;NA
"1518";"Phrynobatrachus_mababiensis";1;NA;1;NA;0;1;0;NA
"1519";"Phrynobatrachus_natalensis";1;NA;1;NA;0;1;0;650
"1520";"Phrynobatrachus_pakenhami";1;NA;1;NA;0;1;0;NA
"1521";"Phrynobatrachus_phyllophilus";1;NA;1;NA;0;1;0;41
"1522";"Phrynobatrachus_plicatus";1;NA;1;1;0;1;0;1900
"1523";"Phrynobatrachus_scheffleri";1;NA;NA;NA;0;1;0;NA
"1524";"Phrynobatrachus_tokba";1;NA;1;NA;1;0;0;7
"1525";"Phrynobatrachus_ungujae";1;NA;NA;NA;0;1;0;NA
"1526";"Phrynoidis_asper";1;NA;1;NA;0;1;0;16000
"1527";"Phrynoidis_juxtaspera";1;NA;1;NA;0;1;0;NA
"1528";"Phrynomantis_bifasciatus";1;NA;1;NA;0;1;0;1500
"1529";"Phrynomantis_microps";1;NA;1;1;0;1;0;1400
"1530";"Phrynomedusa_marginata";1;NA;NA;1;0;1;0;NA
"1531";"Phyllobates_aurotaenia";1;NA;1;NA;0;1;0;30
"1532";"Phyllobates_lugubris";1;NA;1;NA;0;1;0;30
"1533";"Phyllobates_vittatus";1;NA;NA;NA;0;1;0;21
"1534";"Phyllodytes_luteolus";1;NA;1;1;0;1;0;13
"1535";"Phyllodytes_melanomystax";1;NA;1;1;0;1;0;NA
"1536";"Phyllomedusa_bicolor";NA;NA;1;1;0;1;0;860
"1537";"Phyllomedusa_burmeisteri";1;NA;1;1;0;1;0;436
"1538";"Phyllomedusa_trinitatis";1;NA;1;1;0;1;0;40
"1539";"Physalaemus_cuvieri";1;NA;1;1;0;1;0;1814
"1540";"Physalaemus_fischeri";1;NA;1;NA;0;1;0;NA
"1541";"Physalaemus_olfersii";1;NA;1;NA;0;1;0;764
"1542";"Physalaemus_signifer";1;NA;1;NA;0;1;0;NA
"1543";"Phytotriades_auratus";NA;NA;NA;1;NA;NA;NA;5
"1544";"Pipa_carvalhoi";NA;1;1;NA;0;1;0;300
"1545";"Pipa_pipa";NA;1;1;NA;1;0;0;140
"1546";"Pithecopus_hypochondrialis";1;NA;1;1;0;1;0;300
"1547";"Platymantis_banahao";1;NA;NA;1;1;0;0;NA
"1548";"Platymantis_bayani";NA;NA;NA;NA;NA;NA;NA;NA
"1549";"Platymantis_biak";NA;NA;NA;NA;NA;NA;NA;NA
"1550";"Platymantis_cagayanensis";1;NA;1;NA;1;0;0;NA
"1551";"Platymantis_cornutus";NA;NA;NA;1;1;0;0;NA
"1552";"Platymantis_corrugatus";1;NA;NA;NA;1;0;0;NA
"1553";"Platymantis_diesmosi";1;NA;1;NA;1;0;0;NA
"1554";"Platymantis_dorsalis";1;NA;1;NA;1;0;0;NA
"1555";"Platymantis_guentheri";1;NA;NA;1;1;0;0;NA
"1556";"Platymantis_hazelae";1;NA;NA;1;1;0;0;NA
"1557";"Platymantis_indeprensus";1;NA;1;NA;1;0;0;NA
"1558";"Platymantis_isarog";1;NA;NA;1;1;0;0;NA
"1559";"Platymantis_lawtoni";1;NA;NA;1;1;0;0;NA
"1560";"Platymantis_levigatus";1;NA;1;NA;1;0;0;NA
"1561";"Platymantis_luzonensis";1;NA;NA;1;1;0;0;NA
"1562";"Platymantis_mimulus";1;NA;NA;NA;1;0;0;NA
"1563";"Platymantis_montanus";NA;NA;NA;1;1;0;0;NA
"1564";"Platymantis_naomii";1;NA;NA;NA;1;0;0;NA
"1565";"Platymantis_negrosensis";1;NA;NA;1;1;0;0;40
"1566";"Platymantis_paengi";1;NA;NA;NA;1;0;0;NA
"1567";"Platymantis_panayensis";1;NA;NA;1;1;0;0;NA
"1568";"Platymantis_polillensis";1;NA;NA;1;1;0;0;NA
"1569";"Platymantis_pseudodorsalis";1;NA;1;NA;1;0;0;NA
"1570";"Platymantis_pygmaeus";1;NA;NA;NA;1;0;0;NA
"1571";"Platymantis_rabori";1;NA;NA;1;1;0;0;NA
"1572";"Platymantis_sierramadrensis";1;NA;NA;1;1;0;0;NA
"1573";"Platymantis_spelaeus";1;NA;NA;NA;1;0;0;NA
"1574";"Platymantis_subterrestris";1;NA;NA;1;1;0;0;NA
"1575";"Platymantis_taylori";1;NA;1;NA;1;0;0;NA
"1576";"Platyplectrum_ornatum";1;1;1;NA;0;1;0;1000
"1577";"Plethodontohyla_alluaudi";1;1;NA;NA;0;1;0;NA
"1578";"Plethodontohyla_bipunctata";1;1;1;NA;0;1;0;NA
"1579";"Plethodontohyla_brevipes";1;1;1;NA;0;1;0;NA
"1580";"Plethodontohyla_fonetana";1;1;NA;NA;0;1;0;NA
"1581";"Plethodontohyla_guentheri";NA;NA;NA;NA;0;1;0;NA
"1582";"Plethodontohyla_inguinalis";1;NA;1;NA;0;1;0;NA
"1583";"Plethodontohyla_mihanika";1;NA;1;1;0;1;0;111
"1584";"Plethodontohyla_notosticta";1;NA;1;1;0;1;0;NA
"1585";"Plethodontohyla_ocellata";1;1;1;NA;0;1;0;NA
"1586";"Plethodontohyla_tuberata";1;NA;1;NA;0;1;0;NA
"1587";"Pleurodema_brachyops";1;1;1;NA;0;1;0;NA
"1588";"Pleurodema_thaul";1;NA;1;NA;0;1;0;436
"1589";"Polypedates_chlorophthalmus";1;NA;NA;1;0;1;0;NA
"1590";"Polypedates_colletti";1;NA;NA;1;0;1;0;NA
"1591";"Polypedates_cruciger";1;NA;NA;1;0;1;0;NA
"1592";"Polypedates_insularis";1;NA;NA;1;0;1;0;NA
"1593";"Polypedates_leucomystax";1;NA;NA;1;0;1;0;337
"1594";"Polypedates_macrotis";1;NA;NA;1;0;1;0;NA
"1595";"Polypedates_maculatus";1;NA;NA;1;0;1;0;599
"1596";"Polypedates_megacephalus";1;NA;NA;1;0;1;0;600
"1597";"Polypedates_mutus";1;NA;NA;1;0;1;0;NA
"1598";"Polypedates_otilophus";1;NA;NA;1;0;1;0;NA
"1599";"Poyntonophrynus_beiranus";1;NA;1;NA;0;1;0;NA
"1600";"Pristimantis_achatinus";1;NA;NA;NA;1;0;0;NA
"1601";"Pristimantis_cerasinus";1;NA;NA;1;1;0;0;NA
"1602";"Pristimantis_charlottevillensis";1;NA;NA;NA;1;0;0;NA
"1603";"Pristimantis_cruentus";1;NA;NA;1;1;0;0;NA
"1604";"Pristimantis_euphronides";1;NA;NA;1;1;0;0;NA
"1605";"Pristimantis_latidiscus";1;NA;NA;1;1;0;0;40
"1606";"Pristimantis_paulodutrai";1;NA;NA;NA;1;0;0;NA
"1607";"Pristimantis_ramagii";1;NA;NA;1;1;0;0;10
"1608";"Pristimantis_ridens";1;NA;NA;1;1;0;0;NA
"1609";"Pristimantis_shrevei";1;NA;NA;1;1;0;0;NA
"1610";"Pristimantis_turpinorum";1;NA;NA;1;1;0;0;NA
"1611";"Pristimantis_urichi";1;NA;NA;NA;1;0;0;NA
"1612";"Pristimantis_vilarsi";1;NA;NA;NA;1;0;0;NA
"1613";"Pristimantis_vinhai";1;NA;NA;NA;1;0;0;NA
"1614";"Proceratophrys_appendiculata";1;NA;1;NA;0;1;0;656
"1615";"Proceratophrys_boiei";1;NA;1;NA;0;1;0;1296
"1616";"Proceratophrys_laticeps";1;NA;1;NA;0;1;0;NA
"1617";"Proceratophrys_schirchi";1;NA;1;NA;0;1;0;NA
"1618";"Pseudacris_brimleyi";1;1;1;NA;0;1;0;300
"1619";"Pseudacris_crucifer";1;1;1;NA;0;1;0;750
"1620";"Pseudacris_feriarum";1;1;1;NA;0;1;0;600
"1621";"Pseudacris_fouquettei";1;1;1;NA;NA;NA;NA;1380
"1622";"Pseudacris_kalmi";1;1;NA;NA;NA;NA;NA;575
"1623";"Pseudacris_maculata";1;1;NA;NA;NA;NA;NA;1459
"1624";"Pseudacris_nigrita";1;1;1;NA;0;1;0;800
"1625";"Pseudacris_ocularis";1;1;1;NA;0;1;0;232
"1626";"Pseudacris_ornata";1;1;1;NA;0;1;0;1000
"1627";"Pseudacris_regilla";1;NA;1;NA;0;1;0;807
"1628";"Pseudhymenochirus_merlini";1;NA;1;1;0;1;0;NA
"1629";"Pseudis_paradoxa";NA;1;1;NA;0;1;0;4624
"1630";"Pseudobufo_subasper";1;NA;1;1;0;1;0;NA
"1631";"Pseudopaludicola_llanera";1;NA;1;NA;0;1;0;NA
"1632";"Pseudophilautus_abundus";NA;NA;NA;NA;NA;NA;NA;NA
"1633";"Pseudophilautus_adspersus";NA;NA;NA;NA;NA;NA;NA;NA
"1634";"Pseudophilautus_alto";1;NA;NA;1;NA;NA;NA;NA
"1635";"Pseudophilautus_asankai";1;NA;NA;1;NA;NA;NA;NA
"1636";"Pseudophilautus_auratus";NA;NA;NA;NA;NA;NA;NA;NA
"1637";"Pseudophilautus_caeruleus";1;1;NA;1;NA;NA;NA;NA
"1638";"Pseudophilautus_cavirostris";NA;NA;NA;NA;NA;NA;NA;NA
"1639";"Pseudophilautus_cuspis";NA;NA;NA;NA;NA;NA;NA;NA
"1640";"Pseudophilautus_decoris";NA;NA;NA;NA;NA;NA;NA;NA
"1641";"Pseudophilautus_dimbullae";NA;NA;NA;NA;NA;NA;NA;NA
"1642";"Pseudophilautus_eximius";NA;NA;NA;NA;NA;NA;NA;NA
"1643";"Pseudophilautus_femoralis";NA;NA;NA;NA;NA;NA;NA;NA
"1644";"Pseudophilautus_fergusonianus";NA;NA;NA;1;NA;NA;NA;NA
"1645";"Pseudophilautus_folicola";NA;NA;NA;NA;NA;NA;NA;NA
"1646";"Pseudophilautus_frankenbergi";NA;1;NA;1;NA;NA;NA;NA
"1647";"Pseudophilautus_fulvus";NA;NA;NA;1;NA;NA;NA;NA
"1648";"Pseudophilautus_hallidayi";NA;NA;NA;NA;NA;NA;NA;NA
"1649";"Pseudophilautus_halyi";NA;NA;NA;NA;NA;NA;NA;NA
"1650";"Pseudophilautus_hoffmanni";NA;NA;NA;NA;NA;NA;NA;NA
"1651";"Pseudophilautus_hypomelas";NA;NA;NA;NA;NA;NA;NA;NA
"1652";"Pseudophilautus_limbus";NA;NA;NA;NA;NA;NA;NA;NA
"1653";"Pseudophilautus_lunatus";1;1;NA;1;NA;NA;NA;NA
"1654";"Pseudophilautus_macropus";NA;NA;NA;NA;NA;NA;NA;NA
"1655";"Pseudophilautus_maia";NA;NA;NA;NA;NA;NA;NA;NA
"1656";"Pseudophilautus_microtympanum";NA;NA;NA;NA;NA;NA;NA;NA
"1657";"Pseudophilautus_mittermeieri";NA;NA;NA;1;NA;NA;NA;NA
"1658";"Pseudophilautus_mooreorum";NA;NA;NA;NA;NA;NA;NA;NA
"1659";"Pseudophilautus_nemus";NA;NA;NA;NA;NA;NA;NA;NA
"1660";"Pseudophilautus_ocularis";NA;NA;NA;NA;NA;NA;NA;NA
"1661";"Pseudophilautus_pleurotaenia";NA;NA;NA;NA;NA;NA;NA;NA
"1662";"Pseudophilautus_poppiae";NA;NA;NA;1;NA;NA;NA;NA
"1663";"Pseudophilautus_popularis";NA;NA;NA;NA;NA;NA;NA;NA
"1664";"Pseudophilautus_procax";NA;NA;NA;NA;NA;NA;NA;NA
"1665";"Pseudophilautus_regius";NA;NA;NA;NA;NA;NA;NA;NA
"1666";"Pseudophilautus_reticulatus";NA;NA;NA;NA;NA;NA;NA;NA
"1667";"Pseudophilautus_rus";NA;NA;NA;NA;NA;NA;NA;NA
"1668";"Pseudophilautus_sarasinorum";NA;NA;NA;NA;NA;NA;NA;NA
"1669";"Pseudophilautus_schmarda";NA;NA;NA;NA;NA;NA;NA;NA
"1670";"Pseudophilautus_semiruber";NA;NA;NA;NA;NA;NA;NA;NA
"1671";"Pseudophilautus_silus";NA;NA;NA;NA;NA;NA;NA;NA
"1672";"Pseudophilautus_silvaticus";1;NA;NA;1;NA;NA;NA;NA
"1673";"Pseudophilautus_simba";NA;NA;NA;NA;NA;NA;NA;NA
"1674";"Pseudophilautus_singu";1;NA;NA;1;NA;NA;NA;NA
"1675";"Pseudophilautus_sordidus";NA;NA;NA;NA;NA;NA;NA;NA
"1676";"Pseudophilautus_steineri";NA;NA;NA;1;NA;NA;NA;NA
"1677";"Pseudophilautus_stellatus";NA;NA;NA;NA;NA;NA;NA;NA
"1678";"Pseudophilautus_stictomerus";NA;NA;NA;NA;NA;NA;NA;NA
"1679";"Pseudophilautus_stuarti";NA;NA;NA;1;NA;NA;NA;NA
"1680";"Pseudophilautus_tanu";NA;NA;NA;NA;NA;NA;NA;NA
"1681";"Pseudophilautus_viridis";NA;NA;NA;NA;NA;NA;NA;NA
"1682";"Pseudophilautus_zimmeri";NA;NA;NA;NA;NA;NA;NA;NA
"1683";"Pseudophilautus_zorro";NA;NA;NA;NA;NA;NA;NA;NA
"1684";"Pseudophryne_bibronii";1;NA;1;NA;0;1;0;300
"1685";"Pseudophryne_coriacea";1;NA;1;NA;0;1;0;145
"1686";"Pseudophryne_guentheri";1;NA;1;NA;0;1;0;NA
"1687";"Pseudophryne_major";1;NA;1;NA;0;1;0;NA
"1688";"Pseudophryne_raveni";1;NA;1;NA;0;1;0;NA
"1689";"Pseudophryne_semimarmorata";1;NA;1;NA;0;1;0;170
"1690";"Ptychadena_aequiplicata";1;NA;1;1;0;1;0;NA
"1691";"Ptychadena_anchietae";1;NA;1;1;0;1;0;300
"1692";"Ptychadena_arnei";1;NA;1;1;0;1;0;NA
"1693";"Ptychadena_bibroni";1;NA;1;1;0;1;0;1400
"1694";"Ptychadena_guibei";1;NA;1;1;0;1;0;NA
"1695";"Ptychadena_longirostris";1;NA;1;1;0;1;0;NA
"1696";"Ptychadena_mascareniensis";1;NA;1;1;0;1;0;1080
"1697";"Ptychadena_mossambica";1;NA;1;1;0;1;0;NA
"1698";"Ptychadena_newtoni";1;NA;1;1;0;1;0;NA
"1699";"Ptychadena_nilotica";1;NA;1;1;0;1;0;NA
"1700";"Ptychadena_oxyrhynchus";1;NA;1;1;0;1;0;3500
"1701";"Ptychadena_pumilio";1;NA;1;1;0;1;0;NA
"1702";"Ptychadena_schillukorum";1;NA;1;1;0;1;0;1089
"1703";"Ptychadena_superciliaris";1;NA;1;1;0;1;0;NA
"1704";"Ptychadena_taenioscelis";1;NA;1;1;0;1;0;10
"1705";"Ptychadena_tournieri";1;NA;1;1;0;1;0;NA
"1706";"Ptychadena_trinodis";1;NA;1;1;0;1;0;NA
"1707";"Pulchrana_baramica";1;NA;1;NA;0;1;0;NA
"1708";"Pulchrana_debussyi";NA;NA;NA;NA;0;1;0;NA
"1709";"Pulchrana_glandulosa";1;NA;1;1;0;1;0;NA
"1710";"Pulchrana_grandocula";1;NA;1;NA;0;1;0;NA
"1711";"Pulchrana_laterimaculata";1;NA;NA;NA;0;1;0;NA
"1712";"Pulchrana_mangyanum";1;NA;1;NA;0;1;0;NA
"1713";"Pulchrana_melanomenta";1;NA;1;NA;0;1;0;NA
"1714";"Pulchrana_moellendorffi";1;NA;1;NA;0;1;0;NA
"1715";"Pulchrana_picturata";1;NA;1;NA;0;1;0;NA
"1716";"Pulchrana_siberu";1;NA;1;NA;0;1;0;NA
"1717";"Pulchrana_signata";1;NA;NA;NA;0;1;0;NA
"1718";"Pulchrana_similis";1;NA;1;NA;0;1;0;NA
"1719";"Pyxicephalus_edulis";1;1;1;NA;0;1;0;3500
"1720";"Quasipaa_exilispinosa";1;NA;1;NA;0;1;0;NA
"1721";"Quasipaa_fasciculispina";1;NA;1;NA;0;1;0;NA
"1722";"Quasipaa_spinosa";1;NA;1;NA;0;1;0;600
"1723";"Rana_amurensis";1;NA;1;1;0;1;0;4000
"1724";"Rana_arvalis";1;NA;1;1;0;1;0;3000
"1725";"Rana_aurora";1;NA;1;1;0;1;0;2650
"1726";"Rana_chensinensis";1;NA;1;1;0;1;0;2000
"1727";"Rana_coreana";1;NA;NA;NA;0;1;0;NA
"1728";"Rana_dalmatina";1;NA;1;1;0;1;0;1800
"1729";"Rana_dybowskii";1;NA;1;1;0;1;0;1550
"1730";"Rana_graeca";1;NA;1;1;0;1;0;1100
"1731";"Rana_huanrensis";1;NA;1;NA;0;1;0;450
"1732";"Rana_japonica";1;NA;1;1;0;1;0;3000
"1733";"Rana_johnsi";1;NA;1;1;0;1;0;1600
"1734";"Rana_longicrus";1;NA;1;1;0;1;0;400
"1735";"Rana_luteiventris";1;1;1;NA;0;1;0;2400
"1736";"Rana_ornativentris";1;NA;1;1;0;1;0;1900
"1737";"Rana_pirica";1;NA;1;1;0;1;0;1100
"1738";"Rana_sakuraii";1;NA;1;NA;0;1;0;160
"1739";"Rana_sauteri";1;NA;NA;NA;0;1;0;523
"1740";"Rana_tagoi";1;NA;1;1;0;1;0;3636
"1741";"Rana_temporaria";1;NA;1;1;0;1;0;4000
"1742";"Rana_tsushimensis";1;NA;1;1;0;1;0;500
"1743";"Rana_zhenhaiensis";1;NA;1;1;0;1;0;883
"1744";"Raorchestes_parvulus";NA;NA;NA;NA;NA;NA;NA;NA
"1745";"Rentapia_everetti";1;NA;NA;1;0;1;0;NA
"1746";"Rentapia_hosii";1;NA;NA;1;0;1;0;5860
"1747";"Rhacophorus_angulirostris";1;NA;NA;1;0;1;0;NA
"1748";"Rhacophorus_annamensis";1;NA;NA;1;0;1;0;NA
"1749";"Rhacophorus_baluensis";1;NA;NA;1;0;1;0;NA
"1750";"Rhacophorus_barisani";1;NA;NA;1;0;1;0;NA
"1751";"Rhacophorus_belalongensis";NA;NA;NA;1;NA;NA;NA;NA
"1752";"Rhacophorus_bifasciatus";1;NA;NA;1;0;1;0;NA
"1753";"Rhacophorus_bimaculatus";1;NA;NA;1;0;1;0;NA
"1754";"Rhacophorus_catamitus";1;NA;NA;1;0;1;0;NA
"1755";"Rhacophorus_cyanopunctatus";1;NA;NA;1;0;1;0;NA
"1756";"Rhacophorus_edentulus";1;NA;NA;1;0;1;0;NA
"1757";"Rhacophorus_fasciatus";1;NA;NA;1;0;1;0;NA
"1758";"Rhacophorus_gadingensis";NA;NA;NA;1;0;1;0;NA
"1759";"Rhacophorus_gauni";1;NA;NA;1;0;1;0;NA
"1760";"Rhacophorus_georgii";1;NA;NA;1;0;1;0;NA
"1761";"Rhacophorus_harrissoni";1;NA;NA;1;0;1;0;NA
"1762";"Rhacophorus_margaritifer";1;NA;NA;1;0;1;0;NA
"1763";"Rhacophorus_modestus";1;NA;NA;1;0;1;0;NA
"1764";"Rhacophorus_monticola";1;NA;NA;1;0;1;0;NA
"1765";"Rhacophorus_nigropalmatus";1;NA;NA;1;0;1;0;NA
"1766";"Rhacophorus_penanorum";NA;NA;NA;1;NA;NA;NA;NA
"1767";"Rhacophorus_poecilonotus";1;NA;NA;1;0;1;0;NA
"1768";"Rhacophorus_reinwardtii";1;NA;NA;1;0;1;0;68
"1769";"Rhacophorus_rhodopus";NA;NA;NA;1;0;1;0;125
"1770";"Rhacophorus_rufipes";1;NA;NA;1;0;1;0;NA
"1771";"Rhaebo_haematiticus";1;NA;1;NA;0;1;0;1000
"1772";"Rhinella_crucifer";1;NA;NA;NA;0;1;0;2000
"1773";"Rhinella_granulosa";1;NA;1;NA;0;1;0;983
"1774";"Rhinella_hoogmoedi";1;NA;NA;NA;0;1;0;NA
"1775";"Rhinella_icterica";1;NA;NA;NA;0;1;0;9000
"1776";"Rhinella_jimi";1;NA;NA;NA;0;1;0;NA
"1777";"Rhinella_margaritifera";1;NA;NA;NA;0;1;0;1537
"1778";"Rhinella_marina";1;NA;1;NA;0;1;0;36100
"1779";"Rhinella_ornata";1;NA;NA;NA;0;1;0;5964
"1780";"Rhinella_pygmaea";1;1;NA;NA;0;1;0;NA
"1781";"Rhinoderma_darwinii";1;NA;NA;NA;1;0;0;41
"1782";"Rhinophrynus_dorsalis";NA;1;NA;NA;0;1;0;5000
"1783";"Rhombophryne_coronata";1;1;NA;NA;0;1;0;NA
"1784";"Rhombophryne_coudreaui";1;1;NA;NA;0;1;0;NA
"1785";"Rhombophryne_guentherpetersi";1;1;NA;NA;0;1;0;NA
"1786";"Rhombophryne_laevipes";1;1;NA;NA;0;1;0;NA
"1787";"Rhombophryne_matavy";1;1;NA;NA;NA;NA;NA;NA
"1788";"Rhombophryne_minuta";NA;NA;NA;NA;0;1;0;NA
"1789";"Rhombophryne_serratopalpebrosa";1;NA;NA;NA;0;1;0;NA
"1790";"Rhombophryne_testudo";1;1;1;NA;NA;NA;NA;11
"1791";"Rohanixalus_hansenae";1;NA;NA;1;0;1;0;255
"1792";"Rohanixalus_vittatus";1;NA;NA;1;0;1;0;217
"1793";"Sabahphrynus_maculatus";1;NA;1;1;0;1;0;NA
"1794";"Sachatamia_albomaculata";1;NA;1;1;NA;NA;NA;300
"1795";"Sanguirana_everetti";NA;NA;NA;NA;0;1;0;NA
"1796";"Sanguirana_igorota";1;NA;1;NA;0;1;0;NA
"1797";"Sanguirana_luzonensis";1;NA;1;NA;0;1;0;NA
"1798";"Sanguirana_sanguinea";1;NA;NA;NA;0;1;0;NA
"1799";"Sanguirana_tipanan";1;NA;1;NA;0;1;0;NA
"1800";"Scaphiophryne_boribory";1;NA;1;1;0;1;0;NA
"1801";"Scaphiophryne_brevis";1;NA;1;NA;0;1;0;NA
"1802";"Scaphiophryne_calcarata";1;1;1;NA;0;1;0;465
"1803";"Scaphiophryne_gottlebei";1;1;1;NA;0;1;0;196
"1804";"Scaphiophryne_madagascariensis";1;1;1;NA;0;1;0;NA
"1805";"Scaphiophryne_marmorata";1;NA;1;1;0;1;0;NA
"1806";"Scaphiophryne_menabensis";1;NA;NA;NA;0;1;0;670
"1807";"Scaphiophryne_spinosa";1;NA;1;1;0;1;0;NA
"1808";"Scaphiopus_couchii";1;1;1;NA;0;1;0;3310
"1809";"Scaphiopus_holbrookii";1;1;1;NA;0;1;0;5468
"1810";"Schismaderma_carens";1;NA;1;NA;0;1;0;6264
"1811";"Scinax_altae";1;NA;1;1;0;1;0;NA
"1812";"Scinax_alter";1;NA;1;1;0;1;0;581
"1813";"Scinax_boulengeri";1;NA;1;1;0;1;0;700
"1814";"Scinax_cuspidatus";1;NA;1;1;0;1;0;286
"1815";"Scinax_elaeochroa";1;NA;1;1;0;1;0;80
"1816";"Scinax_eurydice";1;NA;1;1;0;1;0;1913
"1817";"Scinax_fuscovarius";1;NA;1;1;0;1;0;4877
"1818";"Scinax_hayii";1;NA;1;1;0;1;0;2308
"1819";"Scinax_nebulosus";1;NA;1;1;0;1;0;527
"1820";"Scinax_rostratus";1;NA;NA;1;0;1;0;NA
"1821";"Scinax_ruber";1;NA;NA;1;0;1;0;1170
"1822";"Scinax_similis";1;NA;1;1;0;1;0;NA
"1823";"Scinax_squalirostris";1;NA;1;1;0;1;0;400
"1824";"Scinax_staufferi";1;NA;1;1;0;1;0;265
"1825";"Sclerophrys_camerunensis";1;NA;NA;NA;0;1;0;NA
"1826";"Sclerophrys_gracilipes";1;NA;NA;NA;0;1;0;NA
"1827";"Sclerophrys_gutturalis";1;NA;NA;NA;0;1;0;25000
"1828";"Sclerophrys_kassasii";1;NA;1;NA;0;1;0;NA
"1829";"Sclerophrys_maculata";1;NA;1;NA;0;1;0;NA
"1830";"Sclerophrys_regularis";1;NA;NA;NA;0;1;0;13000
"1831";"Sclerophrys_superciliaris";1;NA;NA;NA;0;1;0;4500
"1832";"Sclerophrys_togoensis";1;NA;1;NA;0;1;0;NA
"1833";"Sclerophrys_tuberosa";1;NA;NA;NA;0;1;0;NA
"1834";"Sclerophrys_xeros";1;NA;1;NA;0;1;0;NA
"1835";"Sechellophryne_gardineri";1;NA;NA;NA;1;0;0;NA
"1836";"Sechellophryne_pipilodryas";1;NA;NA;1;1;0;0;NA
"1837";"Silverstoneia_flotator";1;NA;NA;NA;0;1;0;6
"1838";"Smilisca_baudinii";1;NA;1;1;0;1;0;3500
"1839";"Smilisca_fodiens";1;1;1;NA;0;1;0;NA
"1840";"Smilisca_phaeota";1;NA;1;1;0;1;0;2010
"1841";"Smilisca_sila";1;NA;1;1;0;1;0;473
"1842";"Smilisca_sordida";1;NA;1;1;0;1;0;856
"1843";"Sooglossus_sechellensis";1;NA;1;NA;0;1;0;15
"1844";"Sooglossus_thomasseti";1;NA;NA;NA;1;0;0;NA
"1845";"Sphaenorhynchus_lacteus";1;NA;1;1;0;1;0;550
"1846";"Sphaenorhynchus_palustris";1;1;1;NA;0;1;0;NA
"1847";"Sphaenorhynchus_planicola";1;NA;1;1;0;1;0;NA
"1848";"Sphaenorhynchus_prasinus";1;NA;1;NA;0;1;0;NA
"1849";"Sphaerotheca_breviceps";1;1;NA;NA;0;1;0;NA
"1850";"Sphaerotheca_rolandae";1;1;1;NA;0;1;0;1037
"1851";"Sphenophryne_allisoni";1;NA;1;NA;1;0;0;NA
"1852";"Sphenophryne_brevicrus";1;NA;1;NA;1;0;0;14
"1853";"Sphenophryne_coggeri";1;NA;1;NA;1;0;0;NA
"1854";"Sphenophryne_cornuta";1;NA;1;1;1;0;0;11
"1855";"Sphenophryne_crassa";1;NA;1;NA;1;0;0;NA
"1856";"Sphenophryne_dentata";1;NA;1;NA;1;0;0;NA
"1857";"Sphenophryne_magnitympanum";1;NA;NA;NA;NA;NA;NA;NA
"1858";"Sphenophryne_rhododactyla";1;NA;1;NA;1;0;0;NA
"1859";"Sphenophryne_rubra";1;NA;1;NA;1;0;0;NA
"1860";"Sphenophryne_schlaginhaufeni";1;NA;1;NA;1;0;0;NA
"1861";"Sphenophryne_similis";1;NA;1;NA;1;0;0;24
"1862";"Sphenophryne_stenodactyla";1;NA;1;NA;1;0;0;23
"1863";"Sphenophryne_thomsoni";1;NA;1;NA;1;0;0;NA
"1864";"Spinomantis_aglavei";NA;NA;NA;1;0;1;0;38
"1865";"Spinomantis_bertini";1;NA;NA;NA;0;1;0;NA
"1866";"Spinomantis_brunae";1;NA;NA;1;0;1;0;NA
"1867";"Spinomantis_elegans";1;1;NA;NA;0;1;0;NA
"1868";"Spinomantis_fimbriatus";NA;NA;NA;1;0;1;0;12
"1869";"Spinomantis_guibei";1;NA;NA;NA;NA;NA;NA;NA
"1870";"Spinomantis_massi";NA;NA;NA;1;0;1;0;NA
"1871";"Spinomantis_microtis";1;NA;NA;NA;0;1;0;NA
"1872";"Spinomantis_nussbaumi";NA;NA;NA;NA;NA;NA;NA;NA
"1873";"Spinomantis_peraccae";NA;NA;NA;1;0;1;0;NA
"1874";"Spinomantis_phantasticus";NA;NA;NA;1;0;1;0;NA
"1875";"Spinomantis_tavaratra";NA;NA;NA;NA;NA;NA;NA;NA
"1876";"Staurois_guttatus";NA;NA;1;NA;NA;NA;NA;NA
"1877";"Staurois_latopalmatus";1;NA;1;1;0;1;0;NA
"1878";"Staurois_natator";1;NA;1;1;0;1;0;NA
"1879";"Staurois_parvus";1;NA;1;NA;0;1;0;NA
"1880";"Staurois_tuberilinguis";1;NA;1;1;0;1;0;NA
"1881";"Strabomantis_anomalus";1;NA;1;NA;1;0;0;69
"1882";"Strauchbufo_raddei";1;NA;NA;NA;0;1;0;6000
"1883";"Stumpffia_be";1;NA;NA;NA;NA;NA;NA;NA
"1884";"Stumpffia_gimmeli";1;NA;1;NA;0;1;0;NA
"1885";"Stumpffia_grandis";1;NA;1;NA;0;1;0;NA
"1886";"Stumpffia_madagascariensis";1;NA;NA;NA;NA;NA;NA;NA
"1887";"Stumpffia_megsoni";1;NA;NA;NA;NA;NA;NA;NA
"1888";"Stumpffia_psologlossa";1;NA;1;NA;0;1;0;NA
"1889";"Stumpffia_pygmaea";1;NA;1;NA;0;1;0;13
"1890";"Stumpffia_roseifemoralis";1;NA;1;NA;0;1;0;NA
"1891";"Stumpffia_staffordi";1;NA;NA;NA;NA;NA;NA;NA
"1892";"Stumpffia_tetradactyla";1;NA;1;NA;0;1;0;NA
"1893";"Stumpffia_tridactyla";1;NA;1;NA;0;1;0;NA
"1894";"Sylvirana_cubitalis";1;NA;1;NA;0;1;0;NA
"1895";"Sylvirana_guentheri";1;NA;1;NA;0;1;0;3000
"1896";"Sylvirana_maosonensis";1;NA;1;NA;0;1;0;NA
"1897";"Sylvirana_mortenseni";1;NA;NA;NA;0;1;0;NA
"1898";"Sylvirana_nigrovittata";1;NA;1;NA;0;1;0;330
"1899";"Sylvirana_spinulosa";1;NA;1;NA;0;1;0;NA
"1900";"Tachycnemis_seychellensis";1;NA;1;1;0;1;0;NA
"1901";"Taruga_eques";1;NA;NA;1;0;1;0;NA
"1902";"Taruga_fastigo";1;NA;NA;1;0;1;0;NA
"1903";"Taruga_longinasus";1;NA;NA;1;0;1;0;NA
"1904";"Teratohyla_pulverata";NA;NA;1;1;NA;NA;NA;42
"1905";"Teratohyla_spinosa";1;NA;1;1;NA;NA;NA;25
"1906";"Theloderma_asperum";1;NA;NA;1;0;1;0;NA
"1907";"Theloderma_horridum";1;NA;NA;1;0;1;0;NA
"1908";"Theloderma_leporosum";1;NA;NA;1;0;1;0;NA
"1909";"Theloderma_phrynoderma";1;NA;NA;1;0;1;0;NA
"1910";"Theloderma_stellatum";1;NA;NA;1;0;1;0;NA
"1911";"Thoropa_miliaris";1;NA;1;1;0;1;0;1000
"1912";"Tlalocohyla_loquax";1;NA;1;1;0;1;0;251
"1913";"Tlalocohyla_picta";1;NA;1;1;0;1;0;NA
"1914";"Tomopterna_cryptotis";1;1;1;NA;0;1;0;3000
"1915";"Tomopterna_krugerensis";1;1;1;NA;0;1;0;NA
"1916";"Trachycephalus_jordani";1;NA;NA;1;0;1;0;NA
"1917";"Trachycephalus_mesophaeus";1;NA;1;1;0;1;0;2781
"1918";"Trachycephalus_nigromaculatus";1;NA;NA;1;0;1;0;270
"1919";"Triprion_petasatus";1;NA;1;1;0;1;0;1750
"1920";"Tsingymantis_antitra";1;NA;NA;NA;NA;NA;NA;NA
"1921";"Uperodon_globulosus";1;1;1;NA;0;1;0;NA
"1922";"Uperodon_nagaoi";1;NA;NA;1;0;1;0;24
"1923";"Uperodon_obscurus";1;1;NA;1;0;1;0;NA
"1924";"Uperodon_palmatus";1;1;NA;NA;0;1;0;NA
"1925";"Uperodon_systoma";1;1;1;NA;0;1;0;NA
"1926";"Uperodon_taprobanicus";1;1;1;NA;0;1;0;NA
"1927";"Uperodon_variegatus";1;NA;NA;1;0;1;0;NA
"1928";"Uperoleia_borealis";1;NA;1;NA;0;1;0;NA
"1929";"Uperoleia_fusca";1;NA;1;NA;0;1;0;NA
"1930";"Uperoleia_inundata";1;NA;1;NA;0;1;0;NA
"1931";"Uperoleia_laevigata";1;NA;1;NA;0;1;0;NA
"1932";"Uperoleia_lithomoda";1;NA;1;NA;0;1;0;144
"1933";"Uperoleia_rugosa";1;NA;1;NA;0;1;0;225
"1934";"Vitreorana_eurygnatha";NA;NA;NA;1;NA;NA;NA;NA
"1935";"Vitreorana_uranoscopa";NA;NA;NA;1;NA;NA;NA;32
"1936";"Wakea_madinika";1;NA;NA;NA;0;1;0;28
"1937";"Wijayarana_masonii";1;NA;1;NA;0;1;0;NA
"1938";"Wijayarana_modiglianii";1;NA;1;NA;0;1;0;NA
"1939";"Wijayarana_sumatrana";1;NA;1;NA;0;1;0;NA
"1940";"Wolterstorffina_parvipalmata";1;NA;1;1;0;1;0;NA
"1941";"Xenohyla_truncata";1;NA;1;1;0;1;0;186
"1942";"Xenopus_muelleri";1;NA;1;1;0;1;0;436
"1943";"Xenopus_tropicalis";1;NA;1;1;0;1;0;NA
"1944";"Xenorhina_adisca";NA;1;NA;NA;1;0;0;NA
"1945";"Xenorhina_anorbis";NA;1;NA;NA;1;0;0;NA
"1946";"Xenorhina_arboricola";NA;NA;1;1;1;0;0;NA
"1947";"Xenorhina_arfakiana";NA;1;NA;NA;1;0;0;NA
"1948";"Xenorhina_bidens";1;NA;NA;NA;1;0;0;NA
"1949";"Xenorhina_bouwensi";1;1;1;NA;1;0;0;NA
"1950";"Xenorhina_eiponis";1;NA;NA;NA;1;0;0;NA
"1951";"Xenorhina_fuscigula";1;1;NA;NA;1;0;0;NA
"1952";"Xenorhina_gigantea";NA;1;NA;NA;1;0;0;NA
"1953";"Xenorhina_huon";NA;1;NA;NA;1;0;0;NA
"1954";"Xenorhina_lanthanites";NA;1;NA;NA;1;0;0;NA
"1955";"Xenorhina_macrodisca";NA;1;NA;NA;1;0;0;NA
"1956";"Xenorhina_macrops";1;NA;NA;NA;1;0;0;NA
"1957";"Xenorhina_mehelyi";1;1;NA;NA;1;0;0;NA
"1958";"Xenorhina_minima";NA;1;NA;NA;1;0;0;NA
"1959";"Xenorhina_multisica";NA;1;NA;NA;1;0;0;NA
"1960";"Xenorhina_obesa";1;NA;NA;NA;1;0;0;NA
"1961";"Xenorhina_ocellata";NA;1;NA;NA;1;0;0;NA
"1962";"Xenorhina_ophiodon";NA;1;NA;NA;1;0;0;NA
"1963";"Xenorhina_oxycephala";1;1;1;NA;1;0;0;NA
"1964";"Xenorhina_parkerorum";1;NA;1;NA;1;0;0;NA
"1965";"Xenorhina_rostrata";1;1;NA;NA;1;0;0;NA
"1966";"Xenorhina_scheepstrai";NA;1;NA;NA;1;0;0;NA
"1967";"Xenorhina_schiefenhoeveli";NA;1;NA;NA;1;0;0;NA
"1968";"Xenorhina_similis";1;NA;1;NA;1;0;0;NA
"1969";"Xenorhina_subcrocea";NA;1;NA;NA;1;0;0;NA
"1970";"Xenorhina_tumulus";NA;1;NA;NA;1;0;0;NA
"1971";"Xenorhina_varia";NA;1;NA;1;1;0;0;NA
"1972";"Xenorhina_zweifeli";NA;1;NA;NA;1;0;0;NA
"1973";"Zachaenus_parvulus";1;NA;1;NA;0;1;0;NA
"1974";"Zhangixalus_achantharrhena";1;NA;NA;1;0;1;0;NA
"1975";"Zhangixalus_arboreus";1;NA;NA;1;0;1;0;289
"1976";"Zhangixalus_arvalis";1;NA;NA;1;0;1;0;NA
"1977";"Zhangixalus_aurantiventris";1;NA;NA;1;0;1;0;NA
"1978";"Zhangixalus_dennysi";1;NA;NA;1;0;1;0;2625
"1979";"Zhangixalus_dulitensis";1;NA;NA;1;0;1;0;NA
"1980";"Zhangixalus_moltrechti";1;NA;NA;1;0;1;0;300
"1981";"Zhangixalus_owstoni";1;NA;NA;1;0;1;0;NA
"1982";"Zhangixalus_prasinatus";1;NA;NA;1;0;1;0;NA
"1983";"Zhangixalus_prominanus";1;NA;NA;1;0;1;0;NA
"1984";"Zhangixalus_schlegelii";1;NA;NA;1;0;1;0;475
"1985";"Zhangixalus_taipeianus";1;NA;NA;1;0;1;0;NA
"1986";"Zhangixalus_viridis";1;NA;NA;1;0;1;0;NA
