"";"Species";"Body_size_mm";"Fos";"Ter";"Aqu";"Arb";"Dir";"Lar";"Viv"
"1";"Abavorana_luctuosa";68;0;1;1;0;0;1;0
"2";"Acris_crepitans";38;0;1;1;1;0;1;0
"3";"Acris_gryllus";32;0;1;1;1;0;1;0
"4";"Adelotus_brevis";45;1;1;1;0;0;1;0
"5";"Adenomera_bokermanni";24;0;1;0;0;0;1;0
"6";"Adenomera_hylaedactyla";30;0;1;1;0;0;1;0
"7";"Adenomera_marmorata";25;0;1;0;0;0;1;0
"8";"Adenomus_kandianus";32,2;0;0;1;0;0;1;0
"9";"Adenomus_kelaartii";50;0;1;1;1;0;1;0
"10";"Afrixalus_delicatus";27;0;0;1;1;0;1;0
"11";"Afrixalus_dorsalis";38;0;0;1;1;0;1;0
"12";"Afrixalus_fornasini";40;0;1;1;1;0;1;0
"13";"Afrixalus_laevis";25;0;0;1;1;0;1;0
"14";"Afrixalus_nigeriensis";35;0;0;1;1;0;1;0
"15";"Afrixalus_paradorsalis";35;0;0;1;1;0;1;0
"16";"Afrixalus_stuhlmanni";27;0;1;1;1;0;1;0
"17";"Afrixalus_vittiger";28;0;1;1;1;0;1;0
"18";"Afrixalus_weidholzi";25;0;1;1;1;0;1;0
"19";"Agalychnis_aspera";40,1;0;1;1;0;0;1;0
"20";"Agalychnis_callidryas";77,2;0;1;1;1;0;1;0
"21";"Agalychnis_spurrelli";93;0;1;0;1;0;1;0
"22";"Aglyptodactylus_laticeps";59;0;1;1;1;0;1;0
"23";"Aglyptodactylus_madagascariensis";92;0;1;1;1;0;1;0
"24";"Aglyptodactylus_securifer";42,9;0;1;1;1;0;1;0
"25";"Alcalus_baluensis";28,7;0;1;1;0;1;0;0
"26";"Alcalus_mariae";33,1;0;1;1;1;1;0;0
"27";"Alcalus_sariba";36;NA;NA;NA;NA;NA;NA;NA
"28";"Allobates_chalcopis";18,4;0;1;0;0;0;1;0
"29";"Allobates_femoralis";36;0;1;1;0;0;1;0
"30";"Allobates_olfersioides";19;0;1;0;0;0;1;0
"31";"Allobates_talamancae";25;0;1;1;0;0;1;0
"32";"Alsodes_australis";56,1;0;1;1;0;0;1;0
"33";"Alsodes_coppingeri";44;0;1;1;0;0;1;0
"34";"Alsodes_kaweshkari";62,2;0;1;1;0;0;1;0
"35";"Alytes_muletensis";40;0;1;0;1;0;1;0
"36";"Amietia_poyntoni";56,1;0;1;1;0;0;1;0
"37";"Amnirana_albolabris";82,7;0;1;1;0;0;1;0
"38";"Amnirana_galamensis";86;0;1;1;0;0;1;0
"39";"Amnirana_occidentalis";95,2;0;1;0;0;0;1;0
"40";"Amolops_hainanensis";80,4;0;1;1;1;0;1;0
"41";"Amolops_hongkongensis";40;0;1;1;1;0;1;0
"42";"Amolops_torrentis";37,4;0;1;1;1;0;1;0
"43";"Anaxyrus_boreas";125;0;1;0;0;0;1;0
"44";"Anaxyrus_fowleri";95;0;1;0;0;0;1;0
"45";"Anaxyrus_kelloggi";48,8;0;1;0;0;0;1;0
"46";"Anaxyrus_punctatus";76;1;1;0;0;0;1;0
"47";"Anaxyrus_quercicus";33;1;1;0;0;0;1;0
"48";"Anaxyrus_terrestris";116,3;1;1;0;0;0;1;0
"49";"Anaxyrus_woodhousii";127;1;1;0;0;0;1;0
"50";"Andinobates_claudiae";13,4;0;1;0;0;0;1;0
"51";"Anilany_helenae";13,8;0;1;1;0;0;1;0
"52";"Anodonthyla_emilei";29,1;0;0;0;1;0;1;0
"53";"Anodonthyla_hutchisoni";24,4;0;1;0;1;0;1;0
"54";"Anodonthyla_jeanbai";20;0;0;0;1;NA;NA;NA
"55";"Anodonthyla_montana";33;0;1;1;0;0;1;0
"56";"Anodonthyla_moramora";16,5;0;0;0;0;0;1;0
"57";"Anodonthyla_nigrigularis";21,7;0;1;0;1;0;1;0
"58";"Anodonthyla_pollicaris";21,2;0;0;0;1;NA;NA;NA
"59";"Anodonthyla_rouxae";34;0;1;0;1;0;1;0
"60";"Anodonthyla_theoi";19,5;0;0;0;1;NA;NA;NA
"61";"Anodonthyla_vallani";24,1;0;0;0;1;NA;NA;NA
"62";"Ansonia_albomaculata";35;0;1;1;0;0;1;0
"63";"Ansonia_echinata";21,3;0;1;0;0;0;1;0
"64";"Ansonia_fuliginea";44;0;1;1;0;0;1;0
"65";"Ansonia_glandulosa";39,7;0;1;1;0;0;1;0
"66";"Ansonia_guibei";34;0;1;1;0;0;1;0
"67";"Ansonia_hanitschi";37;0;1;1;0;0;1;0
"68";"Ansonia_kraensis";27,9;0;1;1;0;0;1;0
"69";"Ansonia_latidisca";55;0;1;1;0;0;1;0
"70";"Ansonia_leptopus";65;0;1;1;0;0;1;0
"71";"Ansonia_longidigita";70;0;1;1;0;0;1;0
"72";"Ansonia_malayana";29;0;1;1;0;0;1;0
"73";"Ansonia_mcgregori";50;0;1;1;1;0;1;0
"74";"Ansonia_minuta";29;0;1;1;0;0;1;0
"75";"Ansonia_muelleri";38;0;1;1;1;0;1;0
"76";"Ansonia_penangensis";37,2;0;1;1;1;0;1;0
"77";"Ansonia_platysoma";26;0;1;1;0;0;1;0
"78";"Ansonia_spinulifer";50;0;1;1;0;0;1;0
"79";"Ansonia_tiomanica";38,4;0;1;1;0;0;1;0
"80";"Ansonia_torrentis";33;0;1;1;1;0;1;0
"81";"Aparasphenodon_brunoi";81;0;1;1;1;0;1;0
"82";"Aphantophryne_minuta";11,8;0;1;1;0;1;0;0
"83";"Aphantophryne_nana";NA;0;1;0;1;1;0;0
"84";"Aphantophryne_pansa";31,6;0;1;1;0;1;0;0
"85";"Aphantophryne_sabini";24,1;0;1;1;0;1;0;0
"86";"Aplastodiscus_eugenioi";39;0;0;1;1;0;1;0
"87";"Aplastodiscus_leucopygius";45,1;0;1;1;1;0;1;0
"88";"Aplastodiscus_sibilatus";33,6;0;1;1;0;0;1;0
"89";"Arcovomer_passarellii";25,6;0;1;1;0;0;1;0
"90";"Arenophryne_rotunda";33;1;1;1;0;1;0;0
"91";"Arthroleptis_adelphus";33,1;0;1;1;0;1;0;0
"92";"Arthroleptis_bioko";32,7;0;1;0;0;NA;NA;NA
"93";"Arthroleptis_poecilonotus";33,4;0;1;1;1;1;0;0
"94";"Arthroleptis_stenodactylus";45;0;1;1;0;1;0;0
"95";"Arthroleptis_variabilis";37,8;0;1;1;0;1;0;0
"96";"Arthroleptis_xenodactyloides";23,8;0;1;1;0;1;0;0
"97";"Asterophrys_eurydactyla";33;NA;NA;NA;NA;NA;NA;NA
"98";"Asterophrys_leucopus";46,8;0;1;1;0;1;0;0
"99";"Asterophrys_marani";39;0;0;0;1;NA;NA;NA
"100";"Asterophrys_pullifer";41;0;1;0;0;0;1;0
"101";"Asterophrys_slateri";30;0;0;0;1;NA;NA;NA
"102";"Asterophrys_turpicola";NA;0;1;1;0;1;0;0
"103";"Astylosternus_occidentalis";65,3;0;1;1;1;0;1;0
"104";"Aubria_occidentalis";95;0;1;1;1;0;1;0
"105";"Austrochaperina_adamantina";28;0;1;1;0;1;0;0
"106";"Austrochaperina_adelphe";22;0;1;1;0;1;0;0
"107";"Austrochaperina_aquilonia";31;0;1;1;0;1;0;0
"108";"Austrochaperina_archboldi";38,4;0;1;1;0;1;0;0
"109";"Austrochaperina_basipalmata";39;0;1;1;0;1;0;0
"110";"Austrochaperina_blumi";26,3;0;1;1;0;1;0;0
"111";"Austrochaperina_brevipes";28;0;1;1;0;1;0;0
"112";"Austrochaperina_derongo";49,7;0;1;1;0;1;0;0
"113";"Austrochaperina_gracilipes";23;0;1;1;0;1;0;0
"114";"Austrochaperina_hooglandi";45,3;0;1;1;0;1;0;0
"115";"Austrochaperina_kosarek";21;0;1;1;0;1;0;0
"116";"Austrochaperina_macrorhyncha";37;0;1;1;0;1;0;0
"117";"Austrochaperina_mehelyi";21;0;1;1;0;1;0;0
"118";"Austrochaperina_minutissima";16,6;0;1;0;0;NA;NA;NA
"119";"Austrochaperina_novaebritanniae";21;0;1;1;0;1;0;0
"120";"Austrochaperina_palmipes";49;0;1;1;0;1;0;0
"121";"Austrochaperina_parkeri";30,6;0;1;1;0;1;0;0
"122";"Austrochaperina_polysticta";16,5;0;1;1;0;1;0;0
"123";"Austrochaperina_rivularis";51,5;0;1;1;0;1;0;0
"124";"Austrochaperina_septentrionalis";31,6;0;1;1;0;1;0;0
"125";"Austrochaperina_yelaensis";20,5;0;1;1;0;1;0;0
"126";"Babina_holsti";118,7;0;1;0;0;0;1;0
"127";"Babina_subaspera";124,8;0;1;1;0;0;1;0
"128";"Barbourula_busuangensis";85,3;1;0;0;0;NA;NA;NA
"129";"Barbourula_kalimantanensis";68;1;0;0;0;NA;NA;NA
"130";"Barygenys_atra";41;1;1;1;0;1;0;0
"131";"Barygenys_cheesmanae";40;1;1;1;0;1;0;0
"132";"Barygenys_exsul";39;1;1;1;0;1;0;0
"133";"Barygenys_flavigularis";27;1;1;1;0;1;0;0
"134";"Barygenys_maculata";50,8;1;1;1;0;1;0;0
"135";"Barygenys_nana";26;1;1;1;0;1;0;0
"136";"Barygenys_parvula";18,7;1;1;1;0;1;0;0
"137";"Batrachyla_antartandica";37,7;0;1;1;1;0;1;0
"138";"Batrachyla_leptopus";34;0;1;0;0;0;1;0
"139";"Batrachyla_nibaldoi";39,9;0;1;0;0;0;1;0
"140";"Batrachyla_taeniata";42;0;1;0;0;0;1;0
"141";"Bijurana_nicobariensis";50;NA;NA;NA;NA;NA;NA;NA
"142";"Blommersia_angolafa";19,05;0;0;0;1;0;1;0
"143";"Blommersia_blommersae";19,5;0;0;0;1;0;1;0
"144";"Blommersia_dejongi";23,6;0;0;0;1;0;1;0
"145";"Blommersia_domerguei";20,3;0;1;0;1;0;1;0
"146";"Blommersia_galani";24,2;0;0;0;1;0;1;0
"147";"Blommersia_grandisonae";20,5;0;0;0;1;0;1;0
"148";"Blommersia_kely";15;0;0;0;1;0;1;0
"149";"Blommersia_sarotra";16;NA;NA;NA;NA;0;1;0
"150";"Blommersia_wittei";27;0;1;0;1;0;1;0
"151";"Boana_albomarginata";62;0;1;1;1;0;1;0
"152";"Boana_boans";132;0;1;1;1;0;1;0
"153";"Boana_crepitans";75;0;1;0;1;0;1;0
"154";"Boana_faber";104;0;1;1;1;0;1;0
"155";"Boana_geographica";85;0;1;1;1;0;1;0
"156";"Boana_heilprini";54,3;0;1;1;1;0;1;0
"157";"Boana_multifasciata";83;0;1;1;1;0;1;0
"158";"Boana_pardalis";75;0;1;1;1;0;1;0
"159";"Boana_pombali";65,7;0;1;0;1;0;1;0
"160";"Boana_punctata";41,7;0;1;0;1;0;1;0
"161";"Boana_raniceps";82;0;1;0;1;0;1;0
"162";"Boana_rosenbergi";95;0;1;1;1;0;1;0
"163";"Boana_rufitela";55;0;1;0;1;0;1;0
"164";"Boana_semilineata";52;0;1;1;1;0;1;0
"165";"Boehmantis_microtympanum";100;0;1;0;0;0;1;0
"166";"Bombina_bombina";50;1;1;1;0;0;1;0
"167";"Bombina_orientalis";47;1;1;1;0;0;1;0
"168";"Bombina_variegata";50;1;1;1;0;0;1;0
"169";"Boophis_albilabris";93;0;1;0;1;0;1;0
"170";"Boophis_albipunctatus";40;0;0;0;1;0;1;0
"171";"Boophis_andohahela";29,5;0;0;0;1;0;1;0
"172";"Boophis_andrangoloaka";37,4;0;0;0;1;NA;NA;NA
"173";"Boophis_andreonei";33;0;0;0;1;0;1;0
"174";"Boophis_anjanaharibeensis";34,34;0;0;0;1;0;1;0
"175";"Boophis_ankaratra";NA;0;0;0;1;0;1;0
"176";"Boophis_arcanus";34,3;0;0;0;1;NA;NA;NA
"177";"Boophis_axelmeyeri";40;0;0;0;1;0;1;0
"178";"Boophis_baetkei";30,8;0;0;0;1;NA;NA;NA
"179";"Boophis_blommersae";27;0;0;0;1;0;1;0
"180";"Boophis_boehmei";29,4;0;0;0;1;0;1;0
"181";"Boophis_bottae";35,1;0;0;0;1;0;1;0
"182";"Boophis_brachychir";71;0;0;0;1;0;1;0
"183";"Boophis_burgeri";NA;0;0;0;1;0;1;0
"184";"Boophis_calcaratus";39,5;0;0;0;1;NA;NA;NA
"185";"Boophis_doulioti";52,4;0;1;0;1;0;1;0
"186";"Boophis_elenae";NA;0;0;0;1;0;1;0
"187";"Boophis_englaenderi";39;0;0;0;1;0;1;0
"188";"Boophis_entingae";86,5;0;0;0;1;NA;NA;NA
"189";"Boophis_erythrodactylus";33;0;0;0;1;0;1;0
"190";"Boophis_feonnyala";25,4;0;0;0;1;0;1;0
"191";"Boophis_goudotii";80;0;1;0;1;0;1;0
"192";"Boophis_guibei";NA;0;0;0;1;0;1;0
"193";"Boophis_haematopus";28,3;0;0;0;1;0;1;0
"194";"Boophis_haingana";60;0;0;0;1;NA;NA;NA
"195";"Boophis_idae";NA;0;0;0;1;0;1;0
"196";"Boophis_jaegeri";30;0;0;0;1;0;1;0
"197";"Boophis_laurenti";43;0;1;0;1;0;1;0
"198";"Boophis_liami";21,3;0;0;0;1;0;1;0
"199";"Boophis_lichenoides";38;0;0;0;1;0;1;0
"200";"Boophis_lilianae";20;0;0;0;1;0;1;0
"201";"Boophis_luciae";70;0;0;0;1;NA;NA;NA
"202";"Boophis_luteus";60;0;0;0;1;0;1;0
"203";"Boophis_madagascariensis";80;0;0;0;1;0;1;0
"204";"Boophis_majori";29,2;0;0;0;1;0;1;0
"205";"Boophis_mandraka";23,2;0;0;0;1;0;1;0
"206";"Boophis_marojezensis";33;0;0;0;1;0;1;0
"207";"Boophis_miadana";27;0;0;0;1;NA;NA;NA
"208";"Boophis_microtympanum";NA;0;0;0;1;0;1;0
"209";"Boophis_miniatus";37,7;0;0;0;1;0;1;0
"210";"Boophis_obscurus";82;0;1;0;1;NA;NA;NA
"211";"Boophis_occidentalis";52,4;0;0;0;1;0;1;0
"212";"Boophis_opisthodon";85;0;0;0;1;0;1;0
"213";"Boophis_pauliani";NA;0;0;0;1;0;1;0
"214";"Boophis_periegetes";75;0;0;0;1;0;1;0
"215";"Boophis_picturatus";33,3;0;0;0;1;0;1;0
"216";"Boophis_piperatus";30;0;0;0;1;NA;NA;NA
"217";"Boophis_praedictus";89,3;0;0;0;1;NA;NA;NA
"218";"Boophis_pyrrhus";37;0;0;0;1;0;1;0
"219";"Boophis_quasiboehmei";28,65;0;0;0;1;0;1;0
"220";"Boophis_rappiodes";34;0;0;0;1;0;1;0
"221";"Boophis_reticulatus";35,46;0;0;0;1;0;1;0
"222";"Boophis_rhodoscelis";NA;0;0;0;1;0;1;0
"223";"Boophis_roseipalmatus";86,6;0;0;0;1;NA;NA;NA
"224";"Boophis_rufioculis";NA;0;0;0;1;0;1;0
"225";"Boophis_sambirano";23,7;0;0;0;1;0;1;0
"226";"Boophis_sandrae";100;0;1;0;1;NA;NA;NA
"227";"Boophis_schuboeae";26;0;0;0;1;0;1;0
"228";"Boophis_septentrionalis";52;0;0;0;1;0;1;0
"229";"Boophis_sibilans";30;0;0;0;1;0;1;0
"230";"Boophis_solomaso";21,6;0;0;0;1;0;1;0
"231";"Boophis_spinophis";56,5;0;0;0;1;NA;NA;NA
"232";"Boophis_tampoka";45,8;0;0;0;1;0;1;0
"233";"Boophis_tasymena";32,3;0;0;0;1;0;1;0
"234";"Boophis_tephraeomystax";50;0;0;0;1;0;1;0
"235";"Boophis_tsilomaro";85;0;0;0;1;0;1;0
"236";"Boophis_ulftunni";38;0;0;0;1;0;1;0
"237";"Boophis_viridis";35;0;0;0;1;0;1;0
"238";"Boophis_vittatus";25,4;0;0;0;1;0;1;0
"239";"Boophis_williamsi";44,3;0;0;0;1;0;1;0
"240";"Boophis_xerophilus";48,8;0;1;0;1;0;1;0
"241";"Brachycephalus_didactylus";10,7;0;1;1;0;1;0;0
"242";"Brachycephalus_ephippium";19,7;0;1;1;0;1;0;0
"243";"Breviceps_adspersus";60;1;1;1;0;1;0;0
"244";"Breviceps_mossambicus";52;1;1;1;0;1;0;0
"245";"Buergeria_buergeri";76;0;1;0;1;0;1;0
"246";"Buergeria_japonica";37;0;1;1;1;0;1;0
"247";"Buergeria_oxycephala";64,5;0;0;0;1;0;1;0
"248";"Buergeria_robusta";67,1;0;1;1;0;0;1;0
"249";"Bufo_bankorensis";110;0;1;1;0;0;1;0
"250";"Bufo_bufo";150;0;1;1;0;0;1;0
"251";"Bufo_gargarizans";134;0;1;1;0;0;1;0
"252";"Bufo_stejnegeri";62;0;1;1;1;0;1;0
"253";"Bufo_torrenticola";168;0;1;1;1;0;1;0
"254";"Bufotes_balearicus";NA;0;1;1;0;0;1;0
"255";"Bufotes_boulengeri";85,5;0;1;0;0;0;1;0
"256";"Bufotes_viridis";120;0;1;1;0;0;1;0
"257";"Callulops_boettgeri";NA;0;1;1;0;1;0;0
"258";"Callulops_comptus";NA;1;1;1;0;1;0;0
"259";"Callulops_doriae";100;0;1;1;0;1;0;0
"260";"Callulops_dubius";NA;0;1;1;0;1;0;0
"261";"Callulops_eremnosphax";42,7;0;1;0;0;NA;NA;NA
"262";"Callulops_fuscus";NA;0;1;1;0;1;0;0
"263";"Callulops_glandulosus";NA;0;1;1;0;1;0;0
"264";"Callulops_humicola";50;0;1;1;0;1;0;0
"265";"Callulops_kopsteini";NA;0;1;1;0;1;0;0
"266";"Callulops_marmoratus";53,3;1;1;0;0;1;0;0
"267";"Callulops_omnistriatus";67;0;1;0;0;NA;NA;NA
"268";"Callulops_personatus";NA;0;1;1;0;1;0;0
"269";"Callulops_robustus";78;1;1;1;0;1;0;0
"270";"Callulops_sagittatus";NA;0;1;1;0;1;0;0
"271";"Callulops_stictogaster";NA;0;1;1;0;1;0;0
"272";"Callulops_wilhelmanus";NA;0;1;1;0;1;0;0
"273";"Cardioglossa_occidentalis";34,8;0;1;0;0;0;1;0
"274";"Ceratophrys_aurita";149;0;1;0;0;0;1;0
"275";"Chalcorana_chalconota";79;0;1;0;0;0;1;0
"276";"Chalcorana_crassiovis";70,3;0;1;1;0;0;1;0
"277";"Chalcorana_kampeni";NA;0;1;0;0;0;1;0
"278";"Chalcorana_macrops";NA;0;1;0;0;0;1;0
"279";"Chalcorana_megalonesa";65,6;NA;NA;NA;NA;NA;NA;NA
"280";"Chalcorana_mocquardii";NA;NA;NA;NA;NA;NA;NA;NA
"281";"Chalcorana_parvaccola";NA;NA;NA;NA;NA;NA;NA;NA
"282";"Chalcorana_raniceps";70,8;0;1;1;0;0;1;0
"283";"Chalcorana_rufipes";NA;0;0;0;0;NA;NA;NA
"284";"Chaltenobatrachus_grandisonae";40,3;0;1;1;1;0;1;0
"285";"Chaperina_fusca";22,4;0;1;1;0;0;1;0
"286";"Chiasmocleis_leucosticta";23,6;0;1;1;0;0;1;0
"287";"Chirixalus_doriae";27,4;0;1;0;1;0;1;0
"288";"Chirixalus_nongkhorensis";34;0;0;0;1;0;1;0
"289";"Chiromantis_rufescens";65;0;0;1;1;0;1;0
"290";"Chiromantis_xerampelina";90;0;0;1;1;0;1;0
"291";"Choerophryne_allisoni";11,6;1;1;1;0;1;0;0
"292";"Choerophryne_amomani";15,1;1;1;1;0;NA;NA;NA
"293";"Choerophryne_arndtorum";14,8;1;1;1;0;NA;NA;NA
"294";"Choerophryne_brunhildae";21,1;0;1;1;0;1;0;0
"295";"Choerophryne_burtoni";12,4;1;1;1;0;1;0;0
"296";"Choerophryne_darlingtoni";27;0;1;1;0;1;0;0
"297";"Choerophryne_exclamitans";22;0;0;0;1;1;0;0
"298";"Choerophryne_fafniri";23;0;1;1;0;1;0;0
"299";"Choerophryne_gunnari";21,7;0;1;1;0;1;0;0
"300";"Choerophryne_laurini";19;0;0;0;1;1;0;0
"301";"Choerophryne_longirostris";22,5;1;1;1;0;1;0;0
"302";"Choerophryne_microps";20;1;1;1;0;NA;NA;NA
"303";"Choerophryne_nigrescens";17,8;1;1;1;0;NA;NA;NA
"304";"Choerophryne_proboscidea";22,1;1;1;1;0;1;0;0
"305";"Choerophryne_rhenaurum";15,8;0;1;0;0;1;0;0
"306";"Choerophryne_rostellifer";14,8;1;1;1;0;1;0;0
"307";"Choerophryne_sanguinopicta";17,4;0;0;0;1;1;0;0
"308";"Choerophryne_siegfriedi";21,3;0;1;1;0;1;0;0
"309";"Choerophryne_swanhildae";15,6;0;1;1;0;1;0;0
"310";"Choerophryne_tubercula";19;0;1;1;0;1;0;0
"311";"Choerophryne_valkuriarum";20,2;0;1;1;0;1;0;0
"312";"Choerophryne_variegata";17,4;0;1;1;0;1;0;0
"313";"Cochranella_granulosa";32;0;1;0;1;0;1;0
"314";"Colostethus_pratti";25;0;1;1;0;0;1;0
"315";"Conraua_crassipes";63;0;0;1;1;0;1;0
"316";"Cophixalus_ateles";14,4;0;1;1;0;1;0;0
"317";"Cophixalus_balbus";28,2;0;1;0;1;1;0;0
"318";"Cophixalus_bewaniensis";16,7;0;1;0;1;1;0;0
"319";"Cophixalus_biroi";NA;0;1;0;1;1;0;0
"320";"Cophixalus_caverniphilus";36,7;0;1;0;0;NA;NA;NA
"321";"Cophixalus_cheesmanae";39;0;1;1;1;1;0;0
"322";"Cophixalus_cryptotympanum";28,4;0;1;1;1;1;0;0
"323";"Cophixalus_cupricarenus";34,3;0;1;0;0;NA;NA;NA
"324";"Cophixalus_daymani";NA;0;1;1;0;1;0;0
"325";"Cophixalus_desticans";19,1;0;1;0;1;NA;NA;NA
"326";"Cophixalus_humicola";NA;0;1;0;0;1;0;0
"327";"Cophixalus_interruptus";17,5;0;0;0;1;NA;NA;NA
"328";"Cophixalus_iovaorum";14,5;1;0;0;0;NA;NA;NA
"329";"Cophixalus_kaindiensis";27,7;0;1;0;1;1;0;0
"330";"Cophixalus_kethuk";12,7;0;1;0;0;NA;NA;NA
"331";"Cophixalus_linnaeus";14,2;0;1;0;0;NA;NA;NA
"332";"Cophixalus_melanops";18,9;0;0;0;0;NA;NA;NA
"333";"Cophixalus_misimae";19,6;0;1;0;0;1;0;0
"334";"Cophixalus_monosyllabus";24,3;0;0;0;1;NA;NA;NA
"335";"Cophixalus_montanus";NA;0;1;1;0;1;0;0
"336";"Cophixalus_nubicola";29,2;0;1;1;0;1;0;0
"337";"Cophixalus_ornatus";25;0;1;1;0;1;0;0
"338";"Cophixalus_parkeri";33,1;0;1;0;1;1;0;0
"339";"Cophixalus_phaeobalius";15,3;0;1;0;0;NA;NA;NA
"340";"Cophixalus_pipilans";16,1;0;1;1;0;1;0;0
"341";"Cophixalus_pulchellus";19;0;1;1;0;1;0;0
"342";"Cophixalus_riparius";50;0;1;1;1;1;0;0
"343";"Cophixalus_shellyi";16,5;0;1;1;0;1;0;0
"344";"Cophixalus_sphagnicola";20,6;0;1;1;0;1;0;0
"345";"Cophixalus_tagulensis";18,5;0;1;1;0;1;0;0
"346";"Cophixalus_tetzlaffi";22,6;0;1;0;1;1;0;0
"347";"Cophixalus_timidus";21,1;0;0;0;1;1;0;0
"348";"Cophixalus_tomaiodactylus";14,9;0;1;0;0;NA;NA;NA
"349";"Cophixalus_tridactylus";NA;NA;NA;NA;NA;1;0;0
"350";"Cophixalus_variabilis";19,7;0;1;0;1;1;0;0
"351";"Cophixalus_verecundus";19;0;1;1;0;1;0;0
"352";"Cophixalus_verrucosus";NA;0;1;1;1;1;0;0
"353";"Cophixalus_wempi";15,5;0;0;0;1;NA;NA;NA
"354";"Cophyla_barbouri";23;0;1;0;1;0;1;0
"355";"Cophyla_berara";24,4;0;1;0;1;0;1;0
"356";"Cophyla_grandis";88;0;0;1;1;0;1;0
"357";"Cophyla_mavomavo";35;0;1;0;1;0;1;0
"358";"Cophyla_milloti";30;0;1;0;1;0;1;0
"359";"Cophyla_occultans";NA;NA;NA;NA;NA;0;1;0
"360";"Cophyla_phyllodactyla";29;0;1;1;1;0;1;0
"361";"Cophyla_pollicaris";28;0;1;0;1;0;1;0
"362";"Cophyla_tetra";19,4;0;1;0;1;0;1;0
"363";"Cophyla_tsaratananaensis";27,7;0;1;0;1;0;1;0
"364";"Cophyla_tuberifera";40;0;1;0;1;0;1;0
"365";"Copiula_alpestris";27,8;0;1;1;0;1;0;0
"366";"Copiula_exspectata";NA;1;1;1;0;1;0;0
"367";"Copiula_fistulans";36;1;1;1;0;1;0;0
"368";"Copiula_guttata";44;0;1;1;0;1;0;0
"369";"Copiula_major";NA;1;1;1;0;1;0;0
"370";"Copiula_minor";24,5;1;1;1;0;1;0;0
"371";"Copiula_obsti";NA;1;1;1;0;1;0;0
"372";"Copiula_oxyrhina";29,2;1;1;1;0;1;0;0
"373";"Copiula_pipiens";NA;1;1;1;0;1;0;0
"374";"Copiula_tyleri";NA;1;1;1;0;1;0;0
"375";"Cornufer_acrochordus";NA;NA;NA;NA;NA;1;0;0
"376";"Cornufer_aculeodactylus";25,8;0;1;0;0;1;0;0
"377";"Cornufer_adiastolus";41;0;0;1;1;1;0;0
"378";"Cornufer_admiraltiensis";46,4;0;1;0;0;1;0;0
"379";"Cornufer_akarithymus";24,2;0;1;0;1;1;0;0
"380";"Cornufer_batantae";26,5;0;1;1;0;1;0;0
"381";"Cornufer_bimaculatus";31,7;0;1;0;0;1;0;0
"382";"Cornufer_boulengeri";82;0;1;1;0;1;0;0
"383";"Cornufer_browni";26,7;0;1;1;0;1;0;0
"384";"Cornufer_bufonulus";15,4;0;1;0;0;1;0;0
"385";"Cornufer_caesiops";NA;NA;NA;NA;NA;NA;NA;NA
"386";"Cornufer_cheesmanae";24,5;0;1;1;0;1;0;0
"387";"Cornufer_cryptotis";35,5;0;1;1;0;1;0;0
"388";"Cornufer_desticans";38;0;1;1;0;NA;NA;NA
"389";"Cornufer_elegans";35;0;1;1;0;1;0;0
"390";"Cornufer_gigas";46;0;1;1;0;1;0;0
"391";"Cornufer_gilliardi";32,1;0;1;1;0;1;0;0
"392";"Cornufer_guppyi";183;0;1;1;1;1;0;0
"393";"Cornufer_latro";38;0;1;1;0;1;0;0
"394";"Cornufer_macrops";23,5;0;1;1;0;1;0;0
"395";"Cornufer_macrosceles";35;0;0;1;1;1;0;0
"396";"Cornufer_magnus";63;0;1;1;0;1;0;0
"397";"Cornufer_malukuna";63,2;0;1;1;0;1;0;0
"398";"Cornufer_mamusiorum";31;0;1;0;1;1;0;0
"399";"Cornufer_manus";NA;NA;NA;NA;NA;NA;NA;NA
"400";"Cornufer_mediodiscus";27;0;1;1;0;1;0;0
"401";"Cornufer_mimicus";37,4;0;1;0;1;1;0;0
"402";"Cornufer_minutus";19,5;0;1;1;0;1;0;0
"403";"Cornufer_montanus";40;0;1;1;1;1;0;0
"404";"Cornufer_myersi";57,3;0;1;1;0;1;0;0
"405";"Cornufer_nakanaiorum";44;0;0;0;1;1;0;0
"406";"Cornufer_neckeri";47,4;0;1;0;1;1;0;0
"407";"Cornufer_nexipus";56,6;0;1;1;0;1;0;0
"408";"Cornufer_opisthodon";143;0;1;1;1;1;0;0
"409";"Cornufer_papuensis";64;0;1;1;0;1;0;0
"410";"Cornufer_parilis";41,4;0;0;0;1;NA;NA;NA
"411";"Cornufer_parkeri";17,5;0;1;1;0;1;0;0
"412";"Cornufer_pelewensis";60;0;1;1;0;1;0;0
"413";"Cornufer_punctatus";50,9;0;1;0;0;1;0;0
"414";"Cornufer_schmidti";49;0;1;1;1;1;0;0
"415";"Cornufer_solomonis";84;0;1;1;0;1;0;0
"416";"Cornufer_sulcatus";19,1;0;1;1;0;1;0;0
"417";"Cornufer_trossulus";22,7;0;1;1;0;1;0;0
"418";"Cornufer_vertebralis";29,5;0;1;1;1;1;0;0
"419";"Cornufer_vitianus";110;0;1;0;1;1;0;0
"420";"Cornufer_vitiensis";60;0;1;0;1;1;0;0
"421";"Cornufer_vogti";NA;0;1;1;1;1;0;0
"422";"Cornufer_weberi";48,5;0;1;1;0;1;0;0
"423";"Cornufer_wolfi";32;0;1;1;1;1;0;0
"424";"Cornufer_wuenscheorum";NA;0;1;1;0;1;0;0
"425";"Craugastor_bransfordii";30;0;1;1;0;1;0;0
"426";"Craugastor_crassidigitus";48;0;1;1;0;1;0;0
"427";"Craugastor_fitzingeri";53;0;1;0;1;1;0;0
"428";"Craugastor_longirostris";59,6;0;1;1;0;1;0;0
"429";"Craugastor_megacephalus";70;1;1;0;0;1;0;0
"430";"Craugastor_noblei";66;0;1;1;0;1;0;0
"431";"Craugastor_rugosus";69;0;1;1;0;1;0;0
"432";"Craugastor_stejnegerianus";22,4;0;1;1;0;1;0;0
"433";"Craugastor_talamancae";50;0;1;0;1;1;0;0
"434";"Craugastor_taurus";80;0;1;1;1;1;0;0
"435";"Crinia_bilingua";22,5;0;1;1;0;0;1;0
"436";"Crinia_insignifera";25;0;1;1;0;0;1;0
"437";"Crinia_nimbus";30;0;1;1;0;1;0;0
"438";"Crinia_remota";18;0;1;1;0;0;1;0
"439";"Crinia_signifera";32;0;1;1;0;0;1;0
"440";"Crinia_tasmaniensis";30;0;1;1;0;0;1;0
"441";"Crinia_tinnula";30;0;1;1;0;0;1;0
"442";"Crossodactylus_aeneus";31,7;0;1;1;1;0;1;0
"443";"Crossodactylus_gaudichaudii";35,1;0;1;1;0;0;1;0
"444";"Ctenophryne_aterrima";70;1;1;1;0;0;1;0
"445";"Cycloramphus_boraceiensis";59;0;1;1;0;0;1;0
"446";"Cycloramphus_faustoi";44;0;1;0;0;0;1;0
"447";"Cycloramphus_fuliginosus";64,3;0;1;1;0;0;1;0
"448";"Dendrobates_auratus";42;0;1;1;0;0;1;0
"449";"Dendrophryniscus_brevipollicatus";25;0;1;1;0;0;1;0
"450";"Dendropsophus_anceps";42;0;1;1;0;0;1;0
"451";"Dendropsophus_berthalutzae";24;0;1;1;0;0;1;0
"452";"Dendropsophus_bipunctatus";30;0;1;1;1;0;1;0
"453";"Dendropsophus_branneri";25;0;1;1;1;0;1;0
"454";"Dendropsophus_decipiens";21;0;1;1;1;0;1;0
"455";"Dendropsophus_ebraccatus";37;0;1;1;1;0;1;0
"456";"Dendropsophus_elegans";35,7;0;1;0;1;0;1;0
"457";"Dendropsophus_haddadi";24;0;1;1;0;0;1;0
"458";"Dendropsophus_microcephalus";32;0;1;1;1;0;1;0
"459";"Dendropsophus_microps";33;0;1;1;1;0;1;0
"460";"Dendropsophus_minusculus";24;0;1;0;1;0;1;0
"461";"Dendropsophus_minutus";27,6;0;1;0;1;0;1;0
"462";"Dendropsophus_phlebodes";28;0;1;1;0;0;1;0
"463";"Dendropsophus_seniculus";43;0;1;0;1;0;1;0
"464";"Diasporus_diastema";25;0;0;0;1;1;0;0
"465";"Diasporus_gularis";24,8;0;1;0;1;1;0;0
"466";"Diasporus_vocator";20;0;1;0;1;1;0;0
"467";"Didynamipus_sjostedti";20;0;1;1;0;NA;NA;NA
"468";"Discoglossus_montalentii";65;1;1;1;0;0;1;0
"469";"Discoglossus_pictus";80;1;1;1;0;0;1;0
"470";"Discoglossus_sardus";70;1;1;1;0;0;1;0
"471";"Dryophytes_avivoca";52;0;1;1;1;0;1;0
"472";"Dryophytes_chrysoscelis";62;0;1;0;1;0;1;0
"473";"Dryophytes_femoralis";44;0;1;0;1;0;1;0
"474";"Dryophytes_gratiosus";70;1;1;0;1;0;1;0
"475";"Dryophytes_japonicus";41;0;1;1;1;0;1;0
"476";"Dryophytes_versicolor";60;0;1;0;1;0;1;0
"477";"Duttaphrynus_atukoralei";27,5;0;1;1;0;0;1;0
"478";"Duttaphrynus_dhufarensis";NA;0;1;1;0;0;1;0
"479";"Duttaphrynus_kotagamai";62,7;0;1;1;0;NA;NA;NA
"480";"Duttaphrynus_melanostictus";160;0;1;0;0;0;1;0
"481";"Duttaphrynus_noellerti";88,8;0;1;0;0;0;1;0
"482";"Duttaphrynus_scaber";43;0;1;0;0;0;1;0
"483";"Duttaphrynus_stomaticus";73,7;0;1;0;0;0;1;0
"484";"Duttaphrynus_sumatranus";NA;0;1;1;0;NA;NA;NA
"485";"Duttaphrynus_totol";46,8;NA;NA;NA;NA;NA;NA;NA
"486";"Duttaphrynus_valhallae";82;NA;NA;NA;NA;NA;NA;NA
"487";"Dyscophus_antongilii";110;0;1;1;0;0;1;0
"488";"Dyscophus_guineti";112,4;0;1;1;0;0;1;0
"489";"Dyscophus_insularis";52;1;1;1;0;0;1;0
"490";"Elachistocleis_ovalis";43,8;0;1;1;0;0;1;0
"491";"Elachistocleis_surinamensis";NA;0;1;1;0;0;1;0
"492";"Eleutherodactylus_abbotti";25;0;1;1;0;1;0;0
"493";"Eleutherodactylus_acmonis";25;0;1;0;1;1;0;0
"494";"Eleutherodactylus_adelus";15;0;1;0;0;1;0;0
"495";"Eleutherodactylus_albipes";33;0;1;0;0;1;0;0
"496";"Eleutherodactylus_alcoae";45;0;1;0;0;1;0;0
"497";"Eleutherodactylus_alticola";26;0;1;0;0;1;0;0
"498";"Eleutherodactylus_amadeus";25;0;1;0;1;1;0;0
"499";"Eleutherodactylus_amplinympha";50;0;0;0;1;1;0;0
"500";"Eleutherodactylus_andrewsi";26;0;1;1;0;1;0;0
"501";"Eleutherodactylus_antillensis";33;0;1;1;1;1;0;0
"502";"Eleutherodactylus_apostates";43;0;1;1;0;1;0;0
"503";"Eleutherodactylus_armstrongi";43;0;1;0;1;1;0;0
"504";"Eleutherodactylus_atkinsi";43;0;1;1;0;1;0;0
"505";"Eleutherodactylus_audanti";25;0;1;1;0;1;0;0
"506";"Eleutherodactylus_auriculatoides";33;0;1;0;1;1;0;0
"507";"Eleutherodactylus_auriculatus";24;0;1;0;1;1;0;0
"508";"Eleutherodactylus_bakeri";35;0;1;0;1;1;0;0
"509";"Eleutherodactylus_barlagnei";33;1;0;1;0;1;0;0
"510";"Eleutherodactylus_bartonsmithi";26;0;1;0;1;1;0;0
"511";"Eleutherodactylus_blairhedgesi";31,4;0;1;1;0;1;0;0
"512";"Eleutherodactylus_bresslerae";46;0;1;1;0;1;0;0
"513";"Eleutherodactylus_brevirostris";28;0;1;1;0;1;0;0
"514";"Eleutherodactylus_brittoni";20;0;1;1;0;1;0;0
"515";"Eleutherodactylus_caribe";20;0;1;1;1;1;0;0
"516";"Eleutherodactylus_casparii";21;0;1;1;0;1;0;0
"517";"Eleutherodactylus_cavernicola";38;1;1;1;0;1;0;0
"518";"Eleutherodactylus_chlorophenax";77;0;1;1;0;1;0;0
"519";"Eleutherodactylus_cochranae";23;0;1;0;1;1;0;0
"520";"Eleutherodactylus_cooki";53;0;1;1;0;1;0;0
"521";"Eleutherodactylus_coqui";52;0;1;0;1;1;0;0
"522";"Eleutherodactylus_corona";19,1;0;1;0;1;1;0;0
"523";"Eleutherodactylus_counouspeus";57;0;1;1;0;1;0;0
"524";"Eleutherodactylus_cubanus";14;0;1;1;0;1;0;0
"525";"Eleutherodactylus_cundalli";46,5;1;1;1;0;1;0;0
"526";"Eleutherodactylus_cuneatus";60,3;0;1;1;1;1;0;0
"527";"Eleutherodactylus_darlingtoni";41;0;1;1;0;1;0;0
"528";"Eleutherodactylus_dimidiatus";58;0;1;1;0;1;0;0
"529";"Eleutherodactylus_diplasius";NA;0;0;0;1;NA;NA;NA
"530";"Eleutherodactylus_dolomedes";21,6;0;1;0;1;1;0;0
"531";"Eleutherodactylus_eileenae";33;0;1;1;1;1;0;0
"532";"Eleutherodactylus_emiliae";27;0;1;1;0;1;0;0
"533";"Eleutherodactylus_eneidae";30;0;1;1;1;1;0;0
"534";"Eleutherodactylus_etheridgei";24;0;1;1;0;1;0;0
"535";"Eleutherodactylus_eunaster";25;0;1;0;1;1;0;0
"536";"Eleutherodactylus_flavescens";41;0;1;1;1;1;0;0
"537";"Eleutherodactylus_fowleri";33;0;1;0;1;1;0;0
"538";"Eleutherodactylus_furcyensis";37;0;1;1;0;1;0;0
"539";"Eleutherodactylus_fuscus";37;0;1;1;0;1;0;0
"540";"Eleutherodactylus_glamyrus";24;0;1;0;1;1;0;0
"541";"Eleutherodactylus_glandulifer";56;0;1;1;0;1;0;0
"542";"Eleutherodactylus_glanduliferoides";16;0;1;1;0;1;0;0
"543";"Eleutherodactylus_glaphycompus";34;0;1;1;0;1;0;0
"544";"Eleutherodactylus_glaucoreius";38;0;1;1;0;1;0;0
"545";"Eleutherodactylus_goini";37;0;1;1;0;1;0;0
"546";"Eleutherodactylus_gossei";34;0;1;1;0;1;0;0
"547";"Eleutherodactylus_grabhami";29;0;1;0;1;1;0;0
"548";"Eleutherodactylus_grahami";25;0;1;1;0;1;0;0
"549";"Eleutherodactylus_greyi";64;0;1;1;0;1;0;0
"550";"Eleutherodactylus_griphus";18,4;0;1;1;1;1;0;0
"551";"Eleutherodactylus_gryllus";17,9;0;1;1;1;1;0;0
"552";"Eleutherodactylus_guanahacabibes";23;0;1;1;0;1;0;0
"553";"Eleutherodactylus_guantanamera";37,3;0;1;0;1;1;0;0
"554";"Eleutherodactylus_gundlachi";26;0;1;1;0;1;0;0
"555";"Eleutherodactylus_haitianus";22;0;1;0;0;1;0;0
"556";"Eleutherodactylus_hedricki";35;0;0;1;1;1;0;0
"557";"Eleutherodactylus_heminota";30;0;1;1;1;1;0;0
"558";"Eleutherodactylus_hypostenor";55;1;1;1;0;1;0;0
"559";"Eleutherodactylus_iberia";11;0;1;1;0;1;0;0
"560";"Eleutherodactylus_inoptatus";88;0;1;1;1;1;0;0
"561";"Eleutherodactylus_intermedius";20;0;1;1;0;1;0;0
"562";"Eleutherodactylus_ionthus";40;0;1;0;1;1;0;0
"563";"Eleutherodactylus_jamaicensis";30;0;1;0;1;1;0;0
"564";"Eleutherodactylus_jasperi";25;0;1;1;1;0;0;1
"565";"Eleutherodactylus_jaumei";12,7;0;1;1;0;1;0;0
"566";"Eleutherodactylus_johnstonei";35;0;1;0;1;1;0;0
"567";"Eleutherodactylus_juanariveroi";17,3;0;0;0;1;1;0;0
"568";"Eleutherodactylus_jugans";33;0;1;1;0;1;0;0
"569";"Eleutherodactylus_junori";27;0;1;1;0;1;0;0
"570";"Eleutherodactylus_karlschmidti";80;0;1;1;1;1;0;0
"571";"Eleutherodactylus_klinikowskii";27;0;1;1;0;1;0;0
"572";"Eleutherodactylus_lamprotes";30;0;1;0;1;1;0;0
"573";"Eleutherodactylus_leberi";33;0;1;1;1;1;0;0
"574";"Eleutherodactylus_lentus";38;0;1;1;0;1;0;0
"575";"Eleutherodactylus_leoncei";42;0;1;1;0;1;0;0
"576";"Eleutherodactylus_limbatus";17;0;1;1;0;1;0;0
"577";"Eleutherodactylus_locustus";20;0;1;1;1;1;0;0
"578";"Eleutherodactylus_lucioi";24;0;1;1;0;1;0;0
"579";"Eleutherodactylus_luteolus";25;0;1;1;0;1;0;0
"580";"Eleutherodactylus_maestrensis";32,4;0;1;0;0;1;0;0
"581";"Eleutherodactylus_mariposa";36;0;1;0;1;1;0;0
"582";"Eleutherodactylus_martinicensis";110;0;1;1;1;1;0;0
"583";"Eleutherodactylus_melacara";35,6;0;1;0;1;1;0;0
"584";"Eleutherodactylus_michaelschmidi";48;0;1;0;0;1;0;0
"585";"Eleutherodactylus_minutus";19;0;1;1;0;1;0;0
"586";"Eleutherodactylus_monensis";49,4;0;1;1;0;1;0;0
"587";"Eleutherodactylus_montanus";44;0;1;0;1;1;0;0
"588";"Eleutherodactylus_nortoni";66;0;1;1;1;1;0;0
"589";"Eleutherodactylus_notidodes";22;0;0;0;1;NA;NA;NA
"590";"Eleutherodactylus_nubicola";49;0;1;1;0;1;0;0
"591";"Eleutherodactylus_orcutti";39;0;1;1;1;1;0;0
"592";"Eleutherodactylus_orientalis";13,3;0;1;1;0;1;0;0
"593";"Eleutherodactylus_oxyrhyncus";55;0;1;1;0;1;0;0
"594";"Eleutherodactylus_pallidus";19;0;1;1;0;1;0;0
"595";"Eleutherodactylus_pantoni";44;0;1;1;0;1;0;0
"596";"Eleutherodactylus_parabates";24;0;1;1;1;1;0;0
"597";"Eleutherodactylus_paralius";NA;0;1;0;0;NA;NA;NA
"598";"Eleutherodactylus_parapelates";52;1;0;0;0;1;0;0
"599";"Eleutherodactylus_patriciae";35;0;1;1;0;1;0;0
"600";"Eleutherodactylus_paulsoni";26;0;1;1;0;1;0;0
"601";"Eleutherodactylus_pentasyringos";39;0;1;1;0;1;0;0
"602";"Eleutherodactylus_pezopetrus";49;0;1;1;0;1;0;0
"603";"Eleutherodactylus_pictissimus";43;0;1;1;0;1;0;0
"604";"Eleutherodactylus_pinarensis";62;0;1;1;0;1;0;0
"605";"Eleutherodactylus_pinchoni";20;0;1;1;0;1;0;0
"606";"Eleutherodactylus_pituinus";29;0;1;1;0;1;0;0
"607";"Eleutherodactylus_planirostris";36;0;1;1;1;1;0;0
"608";"Eleutherodactylus_poolei";34;0;1;1;0;1;0;0
"609";"Eleutherodactylus_portoricensis";42;0;0;0;1;1;0;0
"610";"Eleutherodactylus_principalis";23;0;1;0;1;1;0;0
"611";"Eleutherodactylus_probolaeus";30;0;1;1;1;1;0;0
"612";"Eleutherodactylus_rhodesi";30;0;1;0;0;1;0;0
"613";"Eleutherodactylus_richmondi";50;0;1;1;0;1;0;0
"614";"Eleutherodactylus_ricordii";40;0;1;1;0;1;0;0
"615";"Eleutherodactylus_riparius";42;0;1;1;1;1;0;0
"616";"Eleutherodactylus_rivularis";31;0;1;1;1;1;0;0
"617";"Eleutherodactylus_rogersi";31,8;0;1;0;0;1;0;0
"618";"Eleutherodactylus_ronaldi";28;0;1;1;1;1;0;0
"619";"Eleutherodactylus_rufifemoralis";19;0;1;1;0;1;0;0
"620";"Eleutherodactylus_ruthae";58;1;1;1;0;1;0;0
"621";"Eleutherodactylus_schmidti";58;0;1;1;1;1;0;0
"622";"Eleutherodactylus_schwartzi";35;0;1;1;0;1;0;0
"623";"Eleutherodactylus_sciagraphus";21;0;1;1;0;1;0;0
"624";"Eleutherodactylus_semipalmatus";28;1;1;1;0;1;0;0
"625";"Eleutherodactylus_simulans";24;0;1;1;1;1;0;0
"626";"Eleutherodactylus_sisyphodemus";18;0;1;1;0;1;0;0
"627";"Eleutherodactylus_sommeri";41;0;1;0;1;NA;NA;NA
"628";"Eleutherodactylus_symingtoni";69;0;1;1;0;1;0;0
"629";"Eleutherodactylus_tetajulia";14;0;1;1;0;1;0;0
"630";"Eleutherodactylus_thomasi";43;0;1;1;0;1;0;0
"631";"Eleutherodactylus_thorectes";15;0;1;0;1;1;0;0
"632";"Eleutherodactylus_toa";28,2;0;1;1;0;1;0;0
"633";"Eleutherodactylus_tonyi";33,7;0;1;1;0;1;0;0
"634";"Eleutherodactylus_turquinensis";54;0;1;1;0;1;0;0
"635";"Eleutherodactylus_unicolor";17;1;1;1;0;1;0;0
"636";"Eleutherodactylus_varians";40;0;1;0;1;1;0;0
"637";"Eleutherodactylus_varleyi";18,5;0;1;1;0;1;0;0
"638";"Eleutherodactylus_ventrilineatus";31;0;1;1;0;1;0;0
"639";"Eleutherodactylus_warreni";33;0;1;1;0;1;0;0
"640";"Eleutherodactylus_weinlandi";40;0;1;1;0;1;0;0
"641";"Eleutherodactylus_wetmorei";41;0;1;0;1;1;0;0
"642";"Eleutherodactylus_wightmanae";23;0;1;1;0;1;0;0
"643";"Eleutherodactylus_zeus";83;0;1;1;0;1;0;0
"644";"Eleutherodactylus_zugi";20;0;1;1;0;1;0;0
"645";"Engystomops_pustulatus";30;0;1;1;0;0;1;0
"646";"Engystomops_pustulosus";48,2;1;1;1;0;0;1;0
"647";"Epidalea_calamita";100;0;1;0;0;0;1;0
"648";"Epipedobates_boulengeri";21,8;0;1;1;0;0;1;0
"649";"Espadarana_callistomma";29,42;0;0;0;1;0;1;0
"650";"Espadarana_prosoblepon";31;0;1;1;1;0;1;0
"651";"Euphlyctis_cyanophlyctis";92;1;1;1;0;0;1;0
"652";"Euphlyctis_hexadactylus";145;0;0;1;0;0;1;0
"653";"Eupsophus_calcaratus";NA;0;1;1;0;0;1;0
"654";"Eupsophus_emiliopugini";NA;0;1;1;0;0;1;0
"655";"Eupsophus_insularis";35,5;0;1;1;0;0;1;0
"656";"Feihyla_kajau";20;0;1;0;1;0;1;0
"657";"Fejervarya_cancrivora";113;0;1;1;1;0;1;0
"658";"Fejervarya_iskandari";40,4;0;1;1;1;0;1;0
"659";"Fejervarya_limnocharis";65;0;1;1;1;0;1;0
"660";"Fejervarya_moodiei";83,6;0;0;1;0;0;1;0
"661";"Fejervarya_sakishimensis";69,2;0;1;1;0;0;1;0
"662";"Fejervarya_verruculosa";NA;0;1;1;1;0;1;0
"663";"Fejervarya_vittigera";80,6;0;1;1;1;0;1;0
"664";"Flectonotus_fitzgeraldi";24;0;1;0;1;0;1;0
"665";"Frostius_pernambucensis";20,65;0;1;0;1;0;1;0
"666";"Gastrophryne_carolinensis";38;1;1;1;0;0;1;0
"667";"Gastrophryne_olivacea";41;1;1;1;0;0;1;0
"668";"Gastrophrynoides_borneensis";28;0;1;1;0;NA;NA;NA
"669";"Gastrotheca_cornuta";81,1;0;1;0;1;1;0;0
"670";"Gastrotheca_fissipes";68;0;1;1;1;1;0;0
"671";"Gastrotheca_microdiscus";49;0;1;0;1;1;0;0
"672";"Geocrinia_laevis";35;0;1;1;0;0;1;0
"673";"Gephyromantis_ambohitra";40,7;0;1;0;1;1;0;0
"674";"Gephyromantis_asper";31;0;1;0;1;1;0;0
"675";"Gephyromantis_azzurrae";43,7;0;0;0;1;0;1;0
"676";"Gephyromantis_blanci";23;0;1;0;0;0;1;0
"677";"Gephyromantis_boulengeri";35;0;1;0;1;1;0;0
"678";"Gephyromantis_cornutus";40;0;1;0;1;NA;NA;NA
"679";"Gephyromantis_corvus";38;0;1;0;0;0;1;0
"680";"Gephyromantis_decaryi";29,1;0;1;0;1;1;0;0
"681";"Gephyromantis_eiselti";23;0;1;0;1;1;0;0
"682";"Gephyromantis_enki";20,7;0;1;0;0;1;0;0
"683";"Gephyromantis_granulatus";45;0;1;0;1;0;1;0
"684";"Gephyromantis_horridus";35;0;1;0;1;1;0;0
"685";"Gephyromantis_klemmeri";26;0;1;0;0;1;0;0
"686";"Gephyromantis_leucocephalus";33;0;1;0;1;1;0;0
"687";"Gephyromantis_leucomaculatus";47;0;0;0;1;1;0;0
"688";"Gephyromantis_luteus";60;0;1;0;1;1;0;0
"689";"Gephyromantis_malagasius";26;0;1;0;0;1;0;0
"690";"Gephyromantis_moseri";39,1;0;1;0;1;NA;NA;NA
"691";"Gephyromantis_plicifer";50;0;1;0;1;1;0;0
"692";"Gephyromantis_pseudoasper";34;0;1;0;1;0;1;0
"693";"Gephyromantis_redimitus";53;0;1;0;1;NA;NA;NA
"694";"Gephyromantis_rivicola";24;0;1;0;0;NA;NA;NA
"695";"Gephyromantis_runewsweeki";24;0;1;0;1;1;0;0
"696";"Gephyromantis_salegy";50;0;0;0;1;1;0;0
"697";"Gephyromantis_schilfi";29;0;1;0;1;1;0;0
"698";"Gephyromantis_silvanus";31;1;1;0;0;NA;NA;NA
"699";"Gephyromantis_spiniferus";38;0;1;0;0;1;0;0
"700";"Gephyromantis_striatus";27;0;1;0;1;NA;NA;NA
"701";"Gephyromantis_tandroka";45;0;1;0;1;NA;NA;NA
"702";"Gephyromantis_thelenae";23,8;0;1;0;1;1;0;0
"703";"Gephyromantis_tschenki";36;0;0;0;1;0;1;0
"704";"Gephyromantis_webbi";31;0;1;0;0;0;1;0
"705";"Gephyromantis_zavona";44;0;0;0;1;NA;NA;NA
"706";"Glandirana_emeljanovi";55,4;0;1;1;0;0;1;0
"707";"Glandirana_rugosa";60;0;1;1;0;0;1;0
"708";"Glyphoglossus_brooksii";73,5;0;1;1;0;0;1;0
"709";"Glyphoglossus_flavus";35,2;1;1;1;0;0;1;0
"710";"Glyphoglossus_guttulatus";50;1;1;1;0;0;1;0
"711";"Glyphoglossus_molossus";50;1;1;1;0;0;1;0
"712";"Glyphoglossus_smithi";40;0;1;1;0;0;1;0
"713";"Glyphoglossus_volzi";34;0;1;1;0;0;1;0
"714";"Guibemantis_albolineatus";24;0;0;0;1;0;1;0
"715";"Guibemantis_bicalcaratus";29;0;0;0;1;0;1;0
"716";"Guibemantis_depressiceps";45;0;0;0;1;0;1;0
"717";"Guibemantis_flavobrunneus";38;0;0;0;1;NA;NA;NA
"718";"Guibemantis_kathrinae";59;0;0;0;1;0;1;0
"719";"Guibemantis_liber";29;0;0;0;1;0;1;0
"720";"Guibemantis_pulcher";28;0;0;0;1;0;1;0
"721";"Guibemantis_punctatus";27;0;0;0;1;0;1;0
"722";"Guibemantis_timidus";55;0;0;0;1;0;1;0
"723";"Guibemantis_tornieri";51;0;0;0;1;0;1;0
"724";"Haddadus_binotatus";63,8;0;1;0;0;1;0;0
"725";"Heleioporus_eyrei";66;1;1;1;0;0;1;0
"726";"Hemiphractus_fasciatus";68,7;0;1;1;1;1;0;0
"727";"Hemisus_guineensis";53;1;0;0;0;0;1;0
"728";"Hemisus_marmoratus";55;1;0;0;0;0;1;0
"729";"Heterixalus_alboguttatus";33;0;1;1;1;0;1;0
"730";"Heterixalus_andrakata";32;0;1;1;1;0;1;0
"731";"Heterixalus_betsileo";29;0;1;1;1;0;1;0
"732";"Heterixalus_boettgeri";29;0;1;1;1;0;1;0
"733";"Heterixalus_carbonei";26,4;0;1;1;1;0;1;0
"734";"Heterixalus_luteostriatus";26,8;0;1;1;1;0;1;0
"735";"Heterixalus_madagascariensis";40;0;1;1;1;0;1;0
"736";"Heterixalus_punctatus";33,1;0;1;1;1;0;1;0
"737";"Heterixalus_rutenbergi";24,5;0;1;1;1;0;1;0
"738";"Heterixalus_tricolor";30;0;1;1;1;0;1;0
"739";"Heterixalus_variabilis";34;0;1;1;1;0;1;0
"740";"Hildebrandtia_ornata";70;1;1;1;0;0;1;0
"741";"Hoplobatrachus_crassus";135;1;1;1;0;0;1;0
"742";"Hoplobatrachus_occipitalis";160;0;1;1;0;0;1;0
"743";"Hoplobatrachus_rugulosus";82,4;0;1;1;1;0;1;0
"744";"Hoplobatrachus_tigerinus";178;0;1;1;1;0;1;0
"745";"Huia_cavitympanum";80;0;1;1;0;0;1;0
"746";"Hyalinobatrachium_colymbiphyllum";29;0;1;1;1;0;1;0
"747";"Hyalinobatrachium_orientale";21;0;1;0;1;0;1;0
"748";"Hyalinobatrachium_valerioi";26;0;1;1;1;0;1;0
"749";"Hydrophylax_gracilis";63,5;0;1;1;1;0;1;0
"750";"Hydrophylax_leptoglossa";56,06;0;1;1;0;0;1;0
"751";"Hydrophylax_malabaricus";75;0;1;1;0;0;1;0
"752";"Hyla_arborea";50;0;1;0;1;0;1;0
"753";"Hyla_chinensis";34,2;0;0;1;1;0;1;0
"754";"Hyla_hallowellii";38,9;0;0;1;1;0;1;0
"755";"Hyla_intermedia";43,93;0;1;0;1;0;1;0
"756";"Hyla_sarda";50;0;1;1;1;0;1;0
"757";"Hyla_savignyi";49;0;0;1;1;0;1;0
"758";"Hyla_simplex";NA;0;1;0;1;0;1;0
"759";"Hylarana_celebensis";42,5;0;1;1;1;0;1;0
"760";"Hylarana_erythraea";75;0;1;1;0;0;1;0
"761";"Hylarana_latouchii";47;0;1;0;0;0;1;0
"762";"Hylarana_macrodactyla";39,8;0;1;0;0;0;1;0
"763";"Hylarana_persimilis";NA;0;1;1;0;0;1;0
"764";"Hylarana_taipehensis";40;0;1;1;0;0;1;0
"765";"Hylodes_asper";44,9;0;1;1;1;0;1;0
"766";"Hylodes_fredi";37,5;0;1;1;0;0;1;0
"767";"Hylodes_nasus";38;0;1;1;1;0;1;0
"768";"Hylodes_phyllodes";32,2;0;1;1;0;0;1;0
"769";"Hylophorbus_infulatus";39;0;1;1;0;1;0;0
"770";"Hylophorbus_nigrinus";28,6;0;1;1;0;1;0;0
"771";"Hylophorbus_picoides";29,2;0;1;1;0;1;0;0
"772";"Hylophorbus_proekes";NA;NA;NA;NA;NA;NA;NA;NA
"773";"Hylophorbus_rainerguentheri";31,4;0;0;0;1;1;0;0
"774";"Hylophorbus_richardsi";23;0;1;1;0;1;0;0
"775";"Hylophorbus_rufescens";42;0;1;1;0;1;0;0
"776";"Hylophorbus_sextus";NA;0;1;1;0;1;0;0
"777";"Hylophorbus_tetraphonus";NA;0;1;1;0;1;0;0
"778";"Hylophorbus_wondiwoi";NA;0;1;1;0;1;0;0
"779";"Hylorina_sylvatica";66;0;1;1;0;0;1;0
"780";"Hyperolius_argus";40;0;1;0;1;0;1;0
"781";"Hyperolius_chlorosteus";37;0;1;0;1;0;1;0
"782";"Hyperolius_concolor";42;0;1;0;1;0;1;0
"783";"Hyperolius_fusciventris";28;0;1;0;1;0;1;0
"784";"Hyperolius_glandicolor";34,9;0;1;1;1;0;1;0
"785";"Hyperolius_guttulatus";37;0;1;1;1;0;1;0
"786";"Hyperolius_igbettensis";21;0;1;0;1;0;1;0
"787";"Hyperolius_lamottei";27;0;1;0;1;0;1;0
"788";"Hyperolius_mariae";28;0;1;0;1;0;1;0
"789";"Hyperolius_marmoratus";43;0;1;0;1;0;1;0
"790";"Hyperolius_mitchelli";32;0;1;1;1;0;1;0
"791";"Hyperolius_molleri";33;0;0;1;1;0;1;0
"792";"Hyperolius_nitidulus";35;0;1;0;1;0;1;0
"793";"Hyperolius_occidentalis";34;0;1;0;1;0;1;0
"794";"Hyperolius_ocellatus";34;0;1;0;1;0;1;0
"795";"Hyperolius_parkeri";28;0;1;0;1;0;1;0
"796";"Hyperolius_picturatus";34;0;1;1;1;0;1;0
"797";"Hyperolius_puncticulatus";43;0;1;1;1;0;1;0
"798";"Hyperolius_pusillus";25;0;1;0;1;0;1;0
"799";"Hyperolius_spatzi";31,3;0;1;0;1;NA;NA;NA
"800";"Hyperolius_substriatus";37;0;0;0;1;0;1;0
"801";"Hyperolius_sylvaticus";31;0;1;1;1;0;1;0
"802";"Hyperolius_thomensis";47;0;0;1;1;0;1;0
"803";"Hyperolius_tuberculatus";36;0;1;1;1;0;1;0
"804";"Hyperolius_tuberilinguis";40;0;1;1;1;0;1;0
"805";"Hyperolius_viridigulosus";37;0;1;1;1;NA;NA;NA
"806";"Hyperolius_watsonae";NA;0;0;0;1;0;1;0
"807";"Hypopachus_variolosus";53;1;1;1;0;0;1;0
"808";"Incilius_alvarius";165;0;1;0;0;0;1;0
"809";"Incilius_aucoinae";104,5;0;1;0;0;0;1;0
"810";"Incilius_coccifer";99;0;1;0;0;0;1;0
"811";"Incilius_coniferus";95;0;1;0;1;0;1;0
"812";"Incilius_luetkenii";107;0;1;0;0;0;1;0
"813";"Incilius_mazatlanensis";NA;0;1;1;0;0;1;0
"814";"Incilius_melanochlorus";106,7;0;1;0;0;0;1;0
"815";"Incilius_nebulifer";125;0;1;0;0;0;1;0
"816";"Incilius_valliceps";125;0;1;0;0;0;1;0
"817";"Indosylvirana_aurantiaca";38;0;1;1;1;0;1;0
"818";"Indosylvirana_temporalis";79,4;0;1;1;0;0;1;0
"819";"Ingerana_charlesdarwini";26;0;0;0;1;0;1;0
"820";"Ingerana_tenasserimensis";17,4;0;1;1;1;1;0;0
"821";"Ingerophrynus_biporcatus";80;0;1;1;0;0;1;0
"822";"Ingerophrynus_celebensis";NA;0;1;0;0;0;1;0
"823";"Ingerophrynus_claviger";NA;0;1;0;0;0;1;0
"824";"Ingerophrynus_divergens";55;0;1;1;0;0;1;0
"825";"Ingerophrynus_galeatus";NA;0;1;0;0;0;1;0
"826";"Ingerophrynus_ledongensis";NA;NA;NA;NA;NA;NA;NA;NA
"827";"Ingerophrynus_macrotis";NA;0;1;0;0;0;1;0
"828";"Ingerophrynus_parvus";50;0;1;0;0;0;1;0
"829";"Ingerophrynus_philippinicus";75;0;1;0;0;0;1;0
"830";"Ingerophrynus_quadriporcatus";60;0;1;0;0;0;1;0
"831";"Ischnocnema_bolbodactyla";15,3;0;1;0;0;1;0;0
"832";"Ischnocnema_guentheri";40;0;1;0;0;1;0;0
"833";"Ischnocnema_henselii";27,5;0;1;0;0;1;0;0
"834";"Ischnocnema_manezinho";34,8;0;1;0;0;1;0;0
"835";"Ischnocnema_nasuta";33;0;1;0;0;1;0;0
"836";"Ischnocnema_octavioi";24,3;0;1;0;0;1;0;0
"837";"Ischnocnema_parva";25,5;0;1;0;0;1;0;0
"838";"Itapotihyla_langsdorffii";112;0;1;0;1;0;1;0
"839";"Kalophrynus_baluensis";47;0;1;1;0;0;1;0
"840";"Kalophrynus_bunguranus";27;0;1;1;0;0;1;0
"841";"Kalophrynus_calciphilus";39;0;1;0;0;NA;NA;NA
"842";"Kalophrynus_eok";26,3;0;1;1;0;0;1;0
"843";"Kalophrynus_heterochirus";33;0;1;1;0;0;1;0
"844";"Kalophrynus_interlineatus";47,7;0;1;1;0;0;1;0
"845";"Kalophrynus_intermedius";41;0;1;1;0;0;1;0
"846";"Kalophrynus_minusculus";35;0;1;1;0;0;1;0
"847";"Kalophrynus_nubicola";24,4;0;1;1;0;0;1;0
"848";"Kalophrynus_pleurostigma";34,5;0;1;1;0;0;1;0
"849";"Kalophrynus_punctatus";28,3;0;1;1;0;0;1;0
"850";"Kalophrynus_subterrestris";27;1;1;0;0;0;1;0
"851";"Kaloula_baleata";65;1;0;0;0;0;1;0
"852";"Kaloula_borealis";50,2;1;0;0;0;0;1;0
"853";"Kaloula_conjuncta";47;0;0;0;1;0;1;0
"854";"Kaloula_kalingensis";39,3;0;0;0;1;0;1;0
"855";"Kaloula_kokacii";NA;0;1;1;1;0;1;0
"856";"Kaloula_picta";51,2;1;1;0;0;0;1;0
"857";"Kaloula_pulchra";70;1;1;0;0;0;1;0
"858";"Kaloula_rigida";43,9;1;1;0;0;0;1;0
"859";"Kaloula_walteri";32,3;1;1;0;0;0;1;0
"860";"Kassina_arboricola";65;0;1;1;1;0;1;0
"861";"Kassina_cochranae";42;0;1;0;1;0;1;0
"862";"Kassina_jozani";42,2;0;1;0;0;0;1;0
"863";"Kassina_maculata";68;0;1;1;1;0;1;0
"864";"Kassina_senegalensis";52;0;1;1;0;0;1;0
"865";"Kurixalus_appendiculatus";50;0;1;0;1;0;1;0
"866";"Kurixalus_eiffingeri";44;0;0;1;1;0;1;0
"867";"Kurixalus_idiootocus";24,9;0;1;1;1;0;1;0
"868";"Kurixalus_odontotarsus";43;0;1;1;0;NA;NA;NA
"869";"Laliostoma_labrosum";80;1;1;1;0;0;1;0
"870";"Lankanectes_corrugatus";71;1;0;1;0;0;1;0
"871";"Lechriodus_aganoposis";77;1;1;1;0;0;1;0
"872";"Lechriodus_melanopyga";60;1;1;1;0;0;1;0
"873";"Lechriodus_platyceps";95;1;1;1;0;0;1;0
"874";"Leiopelma_archeyi";38;0;1;1;0;1;0;0
"875";"Leiopelma_hochstetteri";47;0;1;1;1;1;0;0
"876";"Leptobrachella_arayai";40;0;1;1;0;0;1;0
"877";"Leptobrachella_baluensis";19,6;0;1;1;0;0;1;0
"878";"Leptobrachella_brevicrus";19,1;0;1;1;0;0;1;0
"879";"Leptobrachella_dringi";48;0;1;1;0;0;1;0
"880";"Leptobrachella_gracilis";48;0;1;1;0;0;1;0
"881";"Leptobrachella_hamidi";43;0;1;1;0;0;1;0
"882";"Leptobrachella_kajangensis";35;0;1;0;0;0;1;0
"883";"Leptobrachella_maura";31,8;0;1;1;0;0;1;0
"884";"Leptobrachella_mjobergi";20;0;1;1;0;0;1;0
"885";"Leptobrachella_natunae";17,6;0;1;1;0;0;1;0
"886";"Leptobrachella_palmata";16,8;0;1;1;0;0;1;0
"887";"Leptobrachella_parva";20;0;1;1;0;0;1;0
"888";"Leptobrachella_pelodytoides";40,7;0;1;1;0;0;1;0
"889";"Leptobrachella_picta";47;0;1;1;0;0;1;0
"890";"Leptobrachella_serasanae";20;0;1;1;0;0;1;0
"891";"Leptobrachium_abbotti";95;0;1;1;0;0;1;0
"892";"Leptobrachium_gunungense";41,3;0;1;1;0;0;1;0
"893";"Leptobrachium_hainanense";55,1;0;1;1;0;0;1;0
"894";"Leptobrachium_hasseltii";77,2;0;1;1;0;0;1;0
"895";"Leptobrachium_hendricksoni";64,4;0;1;1;0;0;1;0
"896";"Leptobrachium_lumadorum";65,1;0;1;0;0;0;1;0
"897";"Leptobrachium_mangyanorum";58,8;0;1;0;0;NA;NA;NA
"898";"Leptobrachium_montanum";87;0;1;1;0;0;1;0
"899";"Leptobrachium_nigrops";50;0;1;1;0;0;1;0
"900";"Leptobrachium_smithi";78;0;1;1;0;0;1;0
"901";"Leptobrachium_tagbanorum";80;0;1;0;0;NA;NA;NA
"902";"Leptobrachium_waysepuntiense";58,3;0;1;0;0;NA;NA;NA
"903";"Leptodactylus_albilabris";49;0;1;1;1;0;1;0
"904";"Leptodactylus_bolivianus";120;0;1;1;0;0;1;0
"905";"Leptodactylus_fallax";167;0;1;1;1;0;1;0
"906";"Leptodactylus_flavopictus";134,9;0;1;1;1;0;1;0
"907";"Leptodactylus_fragilis";43;0;1;1;1;0;1;0
"908";"Leptodactylus_fuscus";46;0;1;1;0;0;1;0
"909";"Leptodactylus_labrosus";43,2;0;1;1;1;0;1;0
"910";"Leptodactylus_labyrinthicus";158,5;0;1;1;0;0;1;0
"911";"Leptodactylus_latrans";120;0;1;1;0;0;1;0
"912";"Leptodactylus_marambaiae";NA;0;1;1;1;0;1;0
"913";"Leptodactylus_melanonotus";58;0;1;1;1;0;1;0
"914";"Leptodactylus_mystaceus";60;1;1;1;0;0;1;0
"915";"Leptodactylus_mystacinus";65;1;1;1;0;0;1;0
"916";"Leptodactylus_natalensis";44;1;1;1;0;0;1;0
"917";"Leptodactylus_nesiotus";33,3;1;1;1;0;0;1;0
"918";"Leptodactylus_poecilochilus";50;0;1;1;1;0;1;0
"919";"Leptodactylus_savagei";164;0;1;0;0;0;1;0
"920";"Leptodactylus_spixi";43;1;1;1;0;0;1;0
"921";"Leptodactylus_troglodytes";53,6;1;1;1;0;0;1;0
"922";"Leptodactylus_validus";52;0;1;1;1;0;1;0
"923";"Leptodactylus_vastus";250;0;1;1;0;0;1;0
"924";"Leptodactylus_ventrimaculatus";NA;0;1;1;1;0;1;0
"925";"Leptopelis_argenteus";52;0;1;1;1;0;1;0
"926";"Leptopelis_boulengeri";81;0;1;0;1;0;1;0
"927";"Leptopelis_brevipes";63;0;1;1;0;0;1;0
"928";"Leptopelis_brevirostris";64;0;0;1;1;1;0;0
"929";"Leptopelis_calcaratus";57;0;1;0;1;0;1;0
"930";"Leptopelis_flavomaculatus";70;0;1;1;1;0;1;0
"931";"Leptopelis_macrotis";84;0;1;0;1;0;1;0
"932";"Leptopelis_modestus";41;0;1;1;1;0;1;0
"933";"Leptopelis_mossambicus";63;1;1;1;0;0;1;0
"934";"Leptopelis_notatus";74;0;0;1;1;0;1;0
"935";"Leptopelis_occidentalis";71;0;1;0;1;0;1;0
"936";"Leptopelis_palmatus";110;0;1;1;1;0;1;0
"937";"Leptopelis_spiritusnoctis";52;0;0;0;1;0;1;0
"938";"Leptopelis_viridis";50;1;1;1;0;0;1;0
"939";"Leptophryne_borbonica";40;0;1;1;1;0;1;0
"940";"Leptophryne_cruentata";40;0;1;1;1;0;1;0
"941";"Limnodynastes_convexiusculus";61;1;1;1;0;0;1;0
"942";"Limnodynastes_dumerilii";70;0;1;1;1;0;1;0
"943";"Limnodynastes_peronii";72,8;0;1;1;1;0;1;0
"944";"Limnodynastes_tasmaniensis";50,5;0;1;1;1;0;1;0
"945";"Limnodynastes_terraereginae";76;0;1;1;1;0;1;0
"946";"Limnonectes_acanthi";75,2;0;1;1;0;0;1;0
"947";"Limnonectes_arathooni";39,6;0;1;1;0;0;1;0
"948";"Limnonectes_asperatus";39,9;0;1;1;0;0;1;0
"949";"Limnonectes_blythii";96,8;1;1;1;0;0;1;0
"950";"Limnonectes_dabanus";NA;1;0;1;0;0;1;0
"951";"Limnonectes_dammermani";NA;0;1;1;0;0;1;0
"952";"Limnonectes_diuatus";62,3;0;1;1;0;0;1;0
"953";"Limnonectes_doriae";NA;0;1;1;0;0;1;0
"954";"Limnonectes_ferneri";84,3;0;1;1;0;NA;NA;NA
"955";"Limnonectes_finchi";45,3;0;1;1;0;0;1;0
"956";"Limnonectes_fragilis";NA;0;1;1;0;0;1;0
"957";"Limnonectes_fujianensis";53,9;0;1;1;0;0;1;0
"958";"Limnonectes_grunniens";170;0;1;1;0;0;1;0
"959";"Limnonectes_gyldenstolpei";70,5;0;1;1;0;0;1;0
"960";"Limnonectes_hascheanus";39;0;1;1;0;1;0;0
"961";"Limnonectes_heinrichi";75;0;1;1;0;0;1;0
"962";"Limnonectes_ibanorum";135;0;1;1;0;0;1;0
"963";"Limnonectes_ingeri";150;0;1;1;0;0;1;0
"964";"Limnonectes_kadarsani";120;0;1;1;0;0;1;0
"965";"Limnonectes_kenepaiensis";38;0;1;1;0;0;1;0
"966";"Limnonectes_kohchangae";44;0;1;1;0;0;1;0
"967";"Limnonectes_kuhlii";81,5;0;1;1;0;0;1;0
"968";"Limnonectes_laticeps";53;0;1;1;0;0;1;0
"969";"Limnonectes_leporinus";175;0;1;1;0;0;1;0
"970";"Limnonectes_leytensis";49,6;0;1;1;0;0;1;0
"971";"Limnonectes_macrocephalus";144,6;0;1;1;0;0;1;0
"972";"Limnonectes_macrodon";150;0;1;1;0;0;1;0
"973";"Limnonectes_macrognathus";44,7;0;1;1;0;0;1;0
"974";"Limnonectes_magnus";164,4;0;1;1;0;0;1;0
"975";"Limnonectes_malesianus";150;0;1;1;0;0;1;0
"976";"Limnonectes_micrixalus";30;0;1;1;0;0;1;0
"977";"Limnonectes_microdiscus";70;0;1;1;0;0;1;0
"978";"Limnonectes_microtympanum";69,4;0;1;1;0;0;1;0
"979";"Limnonectes_modestus";87;0;1;1;0;0;1;0
"980";"Limnonectes_namiyei";117;0;1;1;0;0;1;0
"981";"Limnonectes_palavanensis";40;0;1;1;0;0;1;0
"982";"Limnonectes_paramacrodon";65;0;1;1;0;0;1;0
"983";"Limnonectes_parvus";30;0;1;1;0;0;1;0
"984";"Limnonectes_plicatellus";33,1;0;1;1;0;0;1;0
"985";"Limnonectes_rhacodus";25;0;1;1;0;0;1;0
"986";"Limnonectes_shompenorum";79;0;1;1;0;0;1;0
"987";"Limnonectes_tweediei";NA;0;1;1;0;0;1;0
"988";"Limnonectes_visayanus";94,2;0;1;1;0;0;1;0
"989";"Limnonectes_woodworthi";75,7;0;1;1;0;0;1;0
"990";"Lithobates_berlandieri";120;0;1;1;0;0;1;0
"991";"Lithobates_capito";113;1;1;1;0;0;1;0
"992";"Lithobates_catesbeianus";203;0;1;1;0;0;1;0
"993";"Lithobates_clamitans";87;0;1;1;0;0;1;0
"994";"Lithobates_forreri";114;0;1;1;0;0;1;0
"995";"Lithobates_grylio";162;0;1;1;0;0;1;0
"996";"Lithobates_heckscheri";155;0;1;1;0;0;1;0
"997";"Lithobates_magnaocularis";42;0;0;1;0;0;1;0
"998";"Lithobates_palmipes";126;0;1;1;0;0;1;0
"999";"Lithobates_palustris";87;0;1;1;0;0;1;0
"1000";"Lithobates_pipiens";165;0;1;1;0;0;1;0
"1001";"Lithobates_septentrionalis";76;0;1;1;0;0;1;0
"1002";"Lithobates_sphenocephalus";127;0;1;1;0;0;1;0
"1003";"Lithobates_sylvaticus";83;0;1;1;0;0;1;0
"1004";"Lithobates_vaillanti";125;0;1;1;0;0;1;0
"1005";"Lithobates_virgatipes";67;0;1;1;0;0;1;0
"1006";"Lithobates_warszewitschii";80;0;1;1;0;0;1;0
"1007";"Litoria_alboguttata";65;1;1;0;0;0;1;0
"1008";"Litoria_albolabris";NA;NA;NA;NA;NA;0;1;0
"1009";"Litoria_amboinensis";60;0;1;1;1;0;1;0
"1010";"Litoria_angiana";NA;0;1;1;1;0;1;0
"1011";"Litoria_arfakiana";60;0;1;1;1;0;1;0
"1012";"Litoria_aruensis";NA;NA;NA;NA;NA;0;1;0
"1013";"Litoria_auae";41,8;0;0;0;1;0;1;0
"1014";"Litoria_australis";100;1;1;0;0;0;1;0
"1015";"Litoria_becki";NA;0;1;1;1;0;1;0
"1016";"Litoria_biakensis";NA;0;0;0;1;0;1;0
"1017";"Litoria_bibonius";32;0;1;0;1;NA;NA;NA
"1018";"Litoria_bicolor";30;0;1;1;1;0;1;0
"1019";"Litoria_brevipes";45;1;1;0;0;0;1;0
"1020";"Litoria_brongersmai";NA;0;1;1;1;0;1;0
"1021";"Litoria_bulmeri";NA;0;1;1;1;0;1;0
"1022";"Litoria_burrowsi";55;0;0;0;1;0;1;0
"1023";"Litoria_caerulea";100;0;1;1;1;0;1;0
"1024";"Litoria_capitula";34,1;NA;NA;NA;NA;0;1;0
"1025";"Litoria_chloris";70;0;1;1;1;0;1;0
"1026";"Litoria_chloristona";27,7;0;1;1;1;0;1;0
"1027";"Litoria_chloronota";32;0;1;1;1;0;1;0
"1028";"Litoria_chrisdahli";38,1;0;0;0;1;0;1;0
"1029";"Litoria_christianbergmanni";31,2;0;0;0;1;NA;NA;NA
"1030";"Litoria_congenita";NA;0;1;1;1;0;1;0
"1031";"Litoria_contrastens";36;0;1;1;1;0;1;0
"1032";"Litoria_cooloolensis";25;0;1;1;1;0;1;0
"1033";"Litoria_coplandi";43;0;1;1;1;0;1;0
"1034";"Litoria_darlingtoni";55;0;1;1;1;0;1;0
"1035";"Litoria_dorsalis";20,5;0;1;1;1;0;1;0
"1036";"Litoria_dorsivena";NA;0;1;1;1;0;1;0
"1037";"Litoria_dux";70,3;0;0;0;1;0;1;0
"1038";"Litoria_elkeae";NA;0;1;1;1;0;1;0
"1039";"Litoria_eschata";NA;NA;NA;NA;NA;NA;NA;NA
"1040";"Litoria_eucnemis";85;0;1;1;1;0;1;0
"1041";"Litoria_eurynastes";33;0;1;0;1;0;1;0
"1042";"Litoria_everetti";NA;0;1;1;1;0;1;0
"1043";"Litoria_ewingii";50;0;1;0;1;0;1;0
"1044";"Litoria_exophthalmia";NA;0;1;1;1;0;1;0
"1045";"Litoria_fallax";25;0;1;0;1;0;1;0
"1046";"Litoria_flavescens";46,6;0;1;0;1;NA;NA;NA
"1047";"Litoria_freycineti";49;0;1;1;1;0;1;0
"1048";"Litoria_fuscula";30;0;1;0;1;0;1;0
"1049";"Litoria_gasconi";41,6;0;0;0;1;NA;NA;NA
"1050";"Litoria_genimaculata";85;0;1;1;1;0;1;0
"1051";"Litoria_gracilenta";45;0;1;1;1;0;1;0
"1052";"Litoria_graminea";61,5;0;1;0;1;0;1;0
"1053";"Litoria_havina";38;0;1;1;1;0;1;0
"1054";"Litoria_hilli";54,7;0;1;1;0;0;1;0
"1055";"Litoria_humboldtorum";46,5;0;0;0;1;0;1;0
"1056";"Litoria_hunti";60,4;0;0;1;1;0;1;0
"1057";"Litoria_impura";NA;0;1;1;1;0;1;0
"1058";"Litoria_inermis";35;0;1;1;1;0;1;0
"1059";"Litoria_iris";43;0;1;1;1;0;1;0
"1060";"Litoria_kumae";34;0;0;0;1;0;1;0
"1061";"Litoria_latopalmata";40;0;1;1;1;0;1;0
"1062";"Litoria_leucova";35;0;1;1;1;0;1;0
"1063";"Litoria_lodesdema";23,8;0;1;0;1;NA;NA;NA
"1064";"Litoria_longicrus";NA;0;1;1;1;0;1;0
"1065";"Litoria_longipes";45;1;1;0;0;0;1;0
"1066";"Litoria_louisiadensis";30;0;0;0;1;0;1;0
"1067";"Litoria_lutea";NA;0;1;0;1;0;1;0
"1068";"Litoria_macki";NA;0;1;1;1;0;1;0
"1069";"Litoria_majikthise";NA;0;1;1;1;0;1;0
"1070";"Litoria_mareku";26,5;0;0;0;1;NA;NA;NA
"1071";"Litoria_megalops";27,5;0;1;0;1;0;1;0
"1072";"Litoria_meiriana";23;0;1;1;1;0;1;0
"1073";"Litoria_micromembrana";35,5;0;1;1;1;0;1;0
"1074";"Litoria_modica";35,4;0;1;1;1;0;1;0
"1075";"Litoria_moorei";80;0;1;1;1;0;1;0
"1076";"Litoria_mucro";31;0;1;1;1;0;1;0
"1077";"Litoria_multicolor";55,4;0;0;0;1;0;1;0
"1078";"Litoria_multiplica";47,1;0;1;1;1;0;1;0
"1079";"Litoria_mystax";30;NA;NA;NA;NA;0;1;0
"1080";"Litoria_napaea";NA;0;1;1;1;0;1;0
"1081";"Litoria_nasuta";50;0;1;1;1;0;1;0
"1082";"Litoria_nigrofrenata";50;0;1;1;1;0;1;0
"1083";"Litoria_nigropunctata";37,1;0;1;1;1;0;1;0
"1084";"Litoria_novaehollandiae";100;1;1;0;0;0;1;0
"1085";"Litoria_obtusirostris";37;NA;NA;NA;NA;0;1;0
"1086";"Litoria_oenicolen";40,3;0;1;1;1;0;1;0
"1087";"Litoria_ollauro";34;0;1;1;1;0;1;0
"1088";"Litoria_olongburensis";34,1;0;1;1;1;0;1;0
"1089";"Litoria_pallida";41;0;1;1;1;0;1;0
"1090";"Litoria_peronii";55,7;0;1;0;1;0;1;0
"1091";"Litoria_pratti";48,7;0;1;1;1;0;1;0
"1092";"Litoria_pronimia";34;0;1;1;1;0;1;0
"1093";"Litoria_prora";41,2;0;1;0;1;0;1;0
"1094";"Litoria_purpureolata";68,7;0;0;0;1;0;1;0
"1095";"Litoria_pygmaea";53;0;1;1;1;0;1;0
"1096";"Litoria_quadrilineata";NA;0;1;1;1;0;1;0
"1097";"Litoria_raniformis";90;0;1;1;1;0;1;0
"1098";"Litoria_rara";NA;0;0;0;1;0;1;0
"1099";"Litoria_richardsi";29,5;0;0;0;1;0;1;0
"1100";"Litoria_rivicola";NA;0;0;0;1;0;1;0
"1101";"Litoria_robinsonae";28,7;0;0;0;1;NA;NA;NA
"1102";"Litoria_rothii";55;0;1;1;1;0;1;0
"1103";"Litoria_rubella";35;0;1;1;1;0;1;0
"1104";"Litoria_rubrops";NA;0;1;1;1;0;1;0
"1105";"Litoria_rueppelli";NA;0;0;0;1;0;1;0
"1106";"Litoria_sanguinolenta";NA;0;1;1;1;0;1;0
"1107";"Litoria_scabra";NA;0;1;1;1;0;1;0
"1108";"Litoria_singadanae";NA;NA;NA;NA;NA;NA;NA;NA
"1109";"Litoria_spartacus";NA;NA;NA;NA;NA;0;1;0
"1110";"Litoria_spinifera";50;0;1;1;1;0;1;0
"1111";"Litoria_splendida";106;0;1;1;1;0;1;0
"1112";"Litoria_staccato";36,5;0;1;1;1;0;1;0
"1113";"Litoria_thesaurensis";30;0;1;1;1;0;1;0
"1114";"Litoria_timida";24;0;1;1;1;0;1;0
"1115";"Litoria_tornieri";35;0;1;1;1;0;1;0
"1116";"Litoria_tyleri";50;0;1;1;1;0;1;0
"1117";"Litoria_umarensis";NA;NA;NA;NA;NA;0;1;0
"1118";"Litoria_umbonata";NA;0;1;1;1;0;1;0
"1119";"Litoria_vagabunda";37,4;0;1;1;1;0;1;0
"1120";"Litoria_verae";NA;NA;NA;NA;NA;0;1;0
"1121";"Litoria_viranula";28,4;0;0;0;1;NA;NA;NA
"1122";"Litoria_vocivincens";26,5;0;1;1;1;0;1;0
"1123";"Litoria_wapogaensis";33;0;1;1;1;0;1;0
"1124";"Litoria_watjulumensis";75;0;1;1;1;0;1;0
"1125";"Litoria_wisselensis";NA;0;1;1;1;0;1;0
"1126";"Litoria_wollastoni";56;0;1;1;1;0;1;0
"1127";"Liuixalus_hainanus";19,59;0;1;1;0;NA;NA;NA
"1128";"Liuixalus_ocellatus";17,54;0;0;0;1;NA;NA;NA
"1129";"Liuixalus_romeri";NA;0;0;0;1;0;1;0
"1130";"Macrogenioglottus_alipioi";113,8;0;1;1;1;0;1;0
"1131";"Madecassophryne_truebae";23;0;1;1;0;NA;NA;NA
"1132";"Mannophryne_olmonae";12;0;1;1;0;0;1;0
"1133";"Mannophryne_trinitatis";29;0;1;1;0;0;1;0
"1134";"Mantella_aurantiaca";31;0;1;1;0;0;1;0
"1135";"Mantella_baroni";30;0;1;1;0;0;1;0
"1136";"Mantella_bernhardi";24;0;1;1;0;0;1;0
"1137";"Mantella_betsileo";26;0;1;1;0;0;1;0
"1138";"Mantella_cowanii";31;0;1;1;0;0;1;0
"1139";"Mantella_crocea";24;0;1;1;0;0;1;0
"1140";"Mantella_ebenaui";26;0;1;0;0;0;1;0
"1141";"Mantella_expectata";27,6;0;1;1;0;0;1;0
"1142";"Mantella_haraldmeieri";30;0;1;1;0;0;1;0
"1143";"Mantella_laevigata";30;0;1;1;1;0;1;0
"1144";"Mantella_madagascariensis";31;0;1;1;0;0;1;0
"1145";"Mantella_manery";29;0;1;1;0;0;1;0
"1146";"Mantella_milotympanum";30;0;1;1;0;0;1;0
"1147";"Mantella_nigricans";28;0;1;1;0;0;1;0
"1148";"Mantella_pulchra";30;0;1;1;0;0;1;0
"1149";"Mantella_viridis";33;0;1;1;0;0;1;0
"1150";"Mantidactylus_aerumnalis";31;0;1;1;0;0;1;0
"1151";"Mantidactylus_albofrenatus";28;0;1;1;0;0;1;0
"1152";"Mantidactylus_alutus";31;0;1;1;0;0;1;0
"1153";"Mantidactylus_ambohimitombi";NA;0;1;1;0;NA;NA;NA
"1154";"Mantidactylus_ambreensis";38;0;1;1;0;0;1;0
"1155";"Mantidactylus_argenteus";31;0;0;1;1;0;1;0
"1156";"Mantidactylus_bellyi";46;0;1;1;0;0;1;0
"1157";"Mantidactylus_betsileanus";35;0;1;1;0;0;1;0
"1158";"Mantidactylus_biporus";34;0;1;1;0;0;1;0
"1159";"Mantidactylus_bourgati";NA;0;1;1;0;0;1;0
"1160";"Mantidactylus_brevipalmatus";45;0;1;1;0;0;1;0
"1161";"Mantidactylus_charlotteae";32;0;1;1;0;0;1;0
"1162";"Mantidactylus_cowanii";NA;0;1;1;0;0;1;0
"1163";"Mantidactylus_curtus";NA;0;1;1;0;0;1;0
"1164";"Mantidactylus_delormei";39;0;1;1;0;0;1;0
"1165";"Mantidactylus_femoralis";55;0;1;1;0;0;1;0
"1166";"Mantidactylus_grandidieri";108;0;1;1;0;0;1;0
"1167";"Mantidactylus_guttulatus";120;0;1;1;0;0;1;0
"1168";"Mantidactylus_lugubris";45;0;1;1;0;0;1;0
"1169";"Mantidactylus_madecassus";34;0;1;1;0;0;1;0
"1170";"Mantidactylus_majori";47;0;1;1;0;0;1;0
"1171";"Mantidactylus_melanopleura";41;0;1;1;1;0;1;0
"1172";"Mantidactylus_mocquardi";67;0;1;1;0;0;1;0
"1173";"Mantidactylus_noralottae";40;0;0;0;1;0;1;0
"1174";"Mantidactylus_opiparis";33;0;1;1;1;0;1;0
"1175";"Mantidactylus_pauliani";34;0;1;1;0;0;1;0
"1176";"Mantidactylus_tricinctus";19;0;1;1;0;0;1;0
"1177";"Mantidactylus_ulcerosus";45;0;1;1;0;0;1;0
"1178";"Mantidactylus_zipperi";30;0;1;1;0;0;1;0
"1179";"Mantidactylus_zolitschka";38;0;1;1;0;0;1;0
"1180";"Mantophryne_axanthogaster";51,7;0;1;1;0;NA;NA;NA
"1181";"Mantophryne_lateralis";50;0;1;1;0;1;0;0
"1182";"Mantophryne_louisiadensis";83,6;0;1;1;0;1;0;0
"1183";"Mantophryne_menziesi";31;0;1;1;0;1;0;0
"1184";"Megophrys_baluensis";65;0;1;1;1;0;1;0
"1185";"Megophrys_boettgeri";46,8;0;1;1;1;0;1;0
"1186";"Megophrys_brachykolos";46;0;1;1;1;0;1;0
"1187";"Megophrys_dringi";55;0;1;1;1;0;1;0
"1188";"Megophrys_edwardinae";82;0;1;0;0;0;1;0
"1189";"Megophrys_kobayashii";100;0;1;1;0;0;1;0
"1190";"Megophrys_ligayae";73;0;1;1;0;0;1;0
"1191";"Megophrys_montana";90;0;1;1;0;0;1;0
"1192";"Megophrys_nasuta";160;0;1;1;0;0;1;0
"1193";"Megophrys_parallela";47,6;0;1;0;0;0;1;0
"1194";"Megophrys_parva";54;0;1;1;1;0;1;0
"1195";"Megophrys_stejnegeri";NA;0;1;1;0;0;1;0
"1196";"Meristogenys_amoropalamus";67,4;1;1;1;0;0;1;0
"1197";"Meristogenys_jerboa";88,7;1;1;1;0;0;1;0
"1198";"Meristogenys_kinabaluensis";92,8;1;1;0;1;0;1;0
"1199";"Meristogenys_macrophthalmus";37,8;1;0;1;0;0;1;0
"1200";"Meristogenys_maryatiae";65,5;0;1;1;0;0;1;0
"1201";"Meristogenys_orphnocnemis";70;1;1;0;1;0;1;0
"1202";"Meristogenys_phaeomerus";70;1;1;0;1;0;1;0
"1203";"Meristogenys_poecilus";NA;1;1;0;1;0;1;0
"1204";"Meristogenys_stenocephalus";86,6;0;1;1;0;0;1;0
"1205";"Meristogenys_stigmachilus";79,6;0;1;1;0;0;1;0
"1206";"Meristogenys_whiteheadi";79,7;1;1;1;0;0;1;0
"1207";"Mertensophryne_howelli";40,7;0;1;0;0;0;1;0
"1208";"Mertensophryne_lindneri";34;0;1;0;0;0;1;0
"1209";"Mertensophryne_micranotis";24;0;1;1;0;0;1;0
"1210";"Mertensophryne_taitana";36;0;1;0;0;0;1;0
"1211";"Metaphrynella_pollicaris";41;0;1;0;1;0;1;0
"1212";"Metaphrynella_sundana";30;0;1;0;1;0;1;0
"1213";"Microhyla_achatina";25;0;1;1;0;0;1;0
"1214";"Microhyla_berdmorei";45,6;0;1;1;0;0;1;0
"1215";"Microhyla_borneensis";25;0;1;1;0;0;1;0
"1216";"Microhyla_butleri";26;0;1;1;0;0;1;0
"1217";"Microhyla_chakrapanii";22;0;1;1;0;0;1;0
"1218";"Microhyla_fissipes";23,6;1;1;0;0;0;1;0
"1219";"Microhyla_heymonsi";30,4;0;1;1;0;0;1;0
"1220";"Microhyla_karunaratnei";21;0;1;1;0;0;1;0
"1221";"Microhyla_maculifera";13;0;1;1;0;0;1;0
"1222";"Microhyla_mantheyi";29,2;0;1;0;0;0;1;0
"1223";"Microhyla_mixtura";25;0;1;1;0;0;1;0
"1224";"Microhyla_okinavensis";30,8;0;1;0;0;0;1;0
"1225";"Microhyla_ornata";32;1;1;1;0;0;1;0
"1226";"Microhyla_palmipes";22;0;1;1;0;0;1;0
"1227";"Microhyla_pulchra";35;0;1;1;0;0;1;0
"1228";"Microhyla_rubra";29,5;0;1;1;0;0;1;0
"1229";"Microhyla_superciliaris";12;0;1;1;0;0;1;0
"1230";"Microhyla_zeylanica";20;0;1;1;0;0;1;0
"1231";"Micryletta_erythropoda";27,2;0;1;1;0;0;1;0
"1232";"Micryletta_steinegeri";29,1;0;1;1;0;0;1;0
"1233";"Minervarya_andamanensis";34,8;0;1;1;1;0;1;0
"1234";"Minervarya_greenii";50;0;1;1;1;0;1;0
"1235";"Minervarya_kirtisinghei";44;0;1;1;1;0;1;0
"1236";"Minervarya_nicobariensis";50,1;0;1;1;1;0;1;0
"1237";"Minervarya_rufescens";39,8;1;1;0;0;0;1;0
"1238";"Mixophyes_fasciolatus";97;0;1;1;0;0;1;0
"1239";"Mixophyes_hihihorlo";73,9;0;1;1;0;0;1;0
"1240";"Myersiella_microps";40;1;1;1;0;1;0;0
"1241";"Nannophryne_variegata";NA;0;1;0;0;0;1;0
"1242";"Nannophrys_ceylonensis";54;1;1;1;0;0;1;0
"1243";"Nannophrys_marmorata";46,3;1;1;1;0;0;1;0
"1244";"Nannophrys_naeyakai";43,6;1;1;1;0;0;1;0
"1245";"Nanohyla_perparva";15;0;1;1;0;0;1;0
"1246";"Nanohyla_petrigena";18;0;1;1;0;0;1;0
"1247";"Nectophryne_afra";21;0;1;0;1;0;1;0
"1248";"Nidirana_adenopleura";52,2;0;1;1;0;0;1;0
"1249";"Nidirana_hainanensis";NA;NA;NA;NA;NA;NA;NA;NA
"1250";"Nidirana_okinavana";43,5;0;1;0;0;0;1;0
"1251";"Nyctimystes_avocalis";35;0;0;0;1;0;1;0
"1252";"Nyctimystes_cheesmani";60;0;0;0;1;0;1;0
"1253";"Nyctimystes_daymani";37,8;0;1;1;0;0;1;0
"1254";"Nyctimystes_disruptus";68;0;0;0;1;0;1;0
"1255";"Nyctimystes_fluviatilis";50,3;NA;NA;NA;NA;0;1;0
"1256";"Nyctimystes_foricula";50;0;0;0;1;0;1;0
"1257";"Nyctimystes_granti";100;NA;NA;NA;NA;0;1;0
"1258";"Nyctimystes_gularis";49;NA;NA;NA;NA;0;1;0
"1259";"Nyctimystes_humeralis";NA;0;0;0;1;0;1;0
"1260";"Nyctimystes_infrafrenatus";110;0;1;1;1;0;1;0
"1261";"Nyctimystes_kubori";60;0;0;0;1;0;1;0
"1262";"Nyctimystes_kuduki";59,78;0;0;0;1;0;1;0
"1263";"Nyctimystes_montanus";63;0;0;0;0;0;1;0
"1264";"Nyctimystes_narinosus";64;0;0;0;1;0;1;0
"1265";"Nyctimystes_obsoletus";NA;0;0;0;0;0;1;0
"1266";"Nyctimystes_oktediensis";60,8;0;0;0;1;0;1;0
"1267";"Nyctimystes_papua";60;NA;NA;NA;NA;0;1;0
"1268";"Nyctimystes_perimetri";51;0;0;0;1;0;1;0
"1269";"Nyctimystes_persimilis";40;0;0;0;1;0;1;0
"1270";"Nyctimystes_pulcher";NA;0;0;0;1;0;1;0
"1271";"Nyctimystes_sauroni";70,4;0;0;0;1;0;1;0
"1272";"Nyctimystes_semipalmatus";80;0;0;0;1;0;1;0
"1273";"Nyctimystes_trachydermis";75,9;0;0;0;1;0;1;0
"1274";"Nyctimystes_zweifeli";NA;NA;NA;NA;NA;0;1;0
"1275";"Nyctixalus_margaritifer";35;0;1;0;1;0;1;0
"1276";"Nyctixalus_pictus";35;0;1;0;1;0;1;0
"1277";"Nyctixalus_spinosus";NA;0;1;0;1;0;1;0
"1278";"Occidozyga_baluensis";35;1;1;1;0;0;1;0
"1279";"Occidozyga_celebensis";33;1;1;1;0;0;1;0
"1280";"Occidozyga_diminutiva";NA;0;1;1;0;0;1;0
"1281";"Occidozyga_floresiana";NA;0;0;0;0;0;1;0
"1282";"Occidozyga_laevis";48;1;0;1;0;0;1;0
"1283";"Occidozyga_lima";40;1;0;1;0;0;1;0
"1284";"Occidozyga_martensii";33;1;0;1;0;0;1;0
"1285";"Occidozyga_semipalmata";40,9;0;1;1;0;0;1;0
"1286";"Occidozyga_sumatrana";45;1;1;1;0;0;1;0
"1287";"Odontophrynus_americanus";51;1;1;1;0;0;1;0
"1288";"Odorrana_amamiensis";64,5;0;1;1;0;0;1;0
"1289";"Odorrana_chloronota";101,7;0;1;1;0;0;1;0
"1290";"Odorrana_graminea";100;NA;NA;NA;NA;0;1;0
"1291";"Odorrana_hainanensis";103;0;1;1;0;0;1;0
"1292";"Odorrana_hosii";100;0;1;1;1;0;1;0
"1293";"Odorrana_ishikawae";101;0;1;1;0;0;1;0
"1294";"Odorrana_narina";74;0;1;1;0;0;1;0
"1295";"Odorrana_nasuta";NA;0;1;0;0;0;1;0
"1296";"Odorrana_supranarina";103;0;1;0;0;0;1;0
"1297";"Odorrana_swinhoana";84,6;0;1;1;0;0;1;0
"1298";"Odorrana_utsunomiyaorum";43,7;0;1;1;0;0;1;0
"1299";"Ololygon_argyreornata";23;0;1;1;1;0;1;0
"1300";"Ololygon_flavoguttata";45,4;0;1;1;1;0;1;0
"1301";"Ololygon_humilis";40,9;0;1;1;1;0;1;0
"1302";"Ololygon_littoralis";39,9;0;1;1;1;0;1;0
"1303";"Ololygon_rizibilis";34;0;1;1;1;0;1;0
"1304";"Ololygon_trapicheiroi";40;0;1;1;1;0;1;0
"1305";"Oninia_senglaubi";18,8;0;1;0;0;NA;NA;NA
"1306";"Oophaga_granulifera";22;0;1;0;0;0;1;0
"1307";"Oophaga_pumilio";25;0;1;0;1;0;1;0
"1308";"Oophaga_sylvatica";38;0;1;0;0;0;1;0
"1309";"Oreophryne_albopunctata";25;0;0;0;1;1;0;0
"1310";"Oreophryne_alticola";22,7;0;0;0;1;1;0;0
"1311";"Oreophryne_anamiatoi";29,7;0;0;0;1;NA;NA;NA
"1312";"Oreophryne_anthonyi";47;0;1;0;1;1;0;0
"1313";"Oreophryne_anulata";NA;0;1;0;1;1;0;0
"1314";"Oreophryne_asplenicola";21,2;0;1;0;1;1;0;0
"1315";"Oreophryne_atrigularis";26,3;0;1;0;1;1;0;0
"1316";"Oreophryne_biroi";28,5;0;1;0;1;1;0;0
"1317";"Oreophryne_brachypus";24;0;1;0;1;1;0;0
"1318";"Oreophryne_brevicrus";29,3;0;1;0;1;1;0;0
"1319";"Oreophryne_brevirostris";28;0;1;0;0;1;0;0
"1320";"Oreophryne_celebensis";NA;0;1;0;1;1;0;0
"1321";"Oreophryne_clamata";20,4;0;1;0;1;1;0;0
"1322";"Oreophryne_crucifer";NA;0;1;0;1;1;0;0
"1323";"Oreophryne_ezra";26,1;0;0;0;1;NA;NA;NA
"1324";"Oreophryne_flava";26;0;1;0;1;1;0;0
"1325";"Oreophryne_frontifasciata";23;0;1;0;1;1;0;0
"1326";"Oreophryne_furu";23,3;0;1;0;1;NA;NA;NA
"1327";"Oreophryne_geislerorum";29,4;0;1;0;1;1;0;0
"1328";"Oreophryne_geminus";21,2;0;1;0;0;1;0;0
"1329";"Oreophryne_habbemensis";24,8;0;1;0;0;1;0;0
"1330";"Oreophryne_hypsiops";26;0;1;0;1;1;0;0
"1331";"Oreophryne_idenburgensis";47;0;1;0;1;1;0;0
"1332";"Oreophryne_inornata";41;0;1;0;1;1;0;0
"1333";"Oreophryne_insulana";26;0;1;0;1;1;0;0
"1334";"Oreophryne_jeffersoniana";18,5;0;1;0;1;1;0;0
"1335";"Oreophryne_kampeni";NA;0;1;0;1;1;0;0
"1336";"Oreophryne_kapisa";NA;0;1;0;1;1;0;0
"1337";"Oreophryne_loriae";29;0;1;0;1;1;0;0
"1338";"Oreophryne_mertoni";NA;NA;NA;NA;NA;NA;NA;NA
"1339";"Oreophryne_minuta";11,5;0;1;0;1;1;0;0
"1340";"Oreophryne_moluccensis";18,3;0;1;0;1;1;0;0
"1341";"Oreophryne_monticola";30;0;1;0;1;1;0;0
"1342";"Oreophryne_notata";18,5;0;1;0;1;1;0;0
"1343";"Oreophryne_parkeri";29;0;1;0;1;1;0;0
"1344";"Oreophryne_pseudasplenicola";21;0;1;0;1;1;0;0
"1345";"Oreophryne_rookmaakeri";25,6;0;1;0;1;1;0;0
"1346";"Oreophryne_sibilans";26;0;1;0;1;1;0;0
"1347";"Oreophryne_terrestris";19,7;0;1;0;0;1;0;0
"1348";"Oreophryne_unicolor";29;0;1;0;1;1;0;0
"1349";"Oreophryne_variabilis";NA;0;1;0;1;1;0;0
"1350";"Oreophryne_waira";NA;0;1;0;1;1;0;0
"1351";"Oreophryne_wapoga";23,3;0;1;0;1;1;0;0
"1352";"Oreophryne_zimmeri";NA;0;1;0;1;1;0;0
"1353";"Osteopilus_crucialis";122;0;1;0;1;0;1;0
"1354";"Osteopilus_dominicensis";99;0;1;0;1;0;1;0
"1355";"Osteopilus_marianae";40;0;1;0;1;0;1;0
"1356";"Osteopilus_ocellatus";76;0;0;0;1;NA;NA;NA
"1357";"Osteopilus_pulchrilineatus";43;0;1;0;1;0;1;0
"1358";"Osteopilus_septentrionalis";165;0;1;0;1;0;1;0
"1359";"Osteopilus_vastus";142;0;1;0;1;0;1;0
"1360";"Osteopilus_wilderi";29;0;1;0;1;0;1;0
"1361";"Paedophryne_kathismaphlox";10,1;0;1;0;0;NA;NA;NA
"1362";"Paedophryne_oyatabu";10,9;0;1;0;0;NA;NA;NA
"1363";"Papurana_arfaki";145;0;1;1;0;0;1;0
"1364";"Papurana_attigua";65;0;1;1;0;0;1;0
"1365";"Papurana_aurata";107;0;1;1;0;0;1;0
"1366";"Papurana_daemeli";98,3;0;1;1;1;0;1;0
"1367";"Papurana_elberti";48;0;1;0;0;0;1;0
"1368";"Papurana_florensis";NA;0;1;0;0;0;1;0
"1369";"Papurana_garritor";76;0;1;0;1;0;1;0
"1370";"Papurana_grisea";91,5;NA;NA;NA;NA;0;1;0
"1371";"Papurana_jimiensis";NA;0;1;1;0;0;1;0
"1372";"Papurana_kreffti";70;0;1;1;0;0;1;0
"1373";"Papurana_milleti";49,4;0;1;0;0;0;1;0
"1374";"Papurana_milneana";86,5;0;1;1;0;0;1;0
"1375";"Papurana_moluccana";NA;0;1;0;0;0;1;0
"1376";"Papurana_novaeguineae";20;0;1;0;0;0;1;0
"1377";"Papurana_papua";69,2;0;1;1;0;0;1;0
"1378";"Papurana_supragrisea";109,6;0;1;0;0;0;1;0
"1379";"Papurana_volkerjane";104,5;0;1;1;1;0;1;0
"1380";"Papurana_waliesa";80,6;0;1;1;0;0;1;0
"1381";"Paradoxophyla_palmata";25,6;1;1;1;0;0;1;0
"1382";"Paradoxophyla_tiarano";30,7;0;1;0;0;0;1;0
"1383";"Parapelophryne_scalpta";21;0;1;1;0;0;1;0
"1384";"Pelobates_fuscus";80;1;1;1;0;0;1;0
"1385";"Pelobates_syriacus";90;1;1;1;0;0;1;0
"1386";"Pelophryne_albotaeniata";NA;0;1;0;1;0;1;0
"1387";"Pelophryne_api";20;0;1;0;1;0;1;0
"1388";"Pelophryne_brevipes";NA;0;1;0;1;0;1;0
"1389";"Pelophryne_guentheri";25;0;1;0;0;0;1;0
"1390";"Pelophryne_lighti";NA;0;1;0;1;0;1;0
"1391";"Pelophryne_linanitensis";18,6;0;1;0;1;NA;NA;NA
"1392";"Pelophryne_misera";23;0;1;1;0;0;1;0
"1393";"Pelophryne_murudensis";25,6;0;0;0;1;NA;NA;NA
"1394";"Pelophryne_rhopophilia";NA;0;1;0;1;0;1;0
"1395";"Pelophryne_saravacensis";22;NA;NA;NA;NA;NA;NA;NA
"1396";"Pelophryne_signata";18;0;0;1;1;0;1;0
"1397";"Pelophylax_bedriagae";95,2;0;1;1;0;0;1;0
"1398";"Pelophylax_bergeri";80;0;1;1;0;0;1;0
"1399";"Pelophylax_cerigensis";70;0;1;1;0;0;1;0
"1400";"Pelophylax_cretensis";80;0;1;1;0;0;1;0
"1401";"Pelophylax_epeiroticus";85;0;1;1;0;0;1;0
"1402";"Pelophylax_fukienensis";65,4;0;1;1;0;0;1;0
"1403";"Pelophylax_kurtmuelleri";100;0;1;1;0;0;1;0
"1404";"Pelophylax_nigromaculatus";90,8;0;1;1;0;0;1;0
"1405";"Pelophylax_plancyi";56,4;0;1;1;0;0;1;0
"1406";"Pelophylax_porosus";67,5;0;1;1;0;0;1;0
"1407";"Pelophylax_ridibundus";105,6;0;1;1;0;0;1;0
"1408";"Peltophryne_cataulaciceps";23,9;0;1;1;0;0;1;0
"1409";"Peltophryne_empusa";76;1;1;0;0;0;1;0
"1410";"Peltophryne_florentinoi";NA;0;1;0;0;0;1;0
"1411";"Peltophryne_fluviatica";44,3;0;1;1;0;0;1;0
"1412";"Peltophryne_fracta";71,5;0;1;0;0;0;1;0
"1413";"Peltophryne_fustiger";198;0;1;0;0;0;1;0
"1414";"Peltophryne_guentheri";101;0;1;0;0;0;1;0
"1415";"Peltophryne_gundlachi";NA;1;1;0;0;0;1;0
"1416";"Peltophryne_lemur";120;0;1;0;0;0;1;0
"1417";"Peltophryne_longinasus";35;0;1;0;1;0;1;0
"1418";"Peltophryne_peltocephala";163;0;1;0;0;0;1;0
"1419";"Peltophryne_taladai";147;0;1;1;0;0;1;0
"1420";"Petropedetes_cameronensis";49;0;1;1;1;0;1;0
"1421";"Philautus_acutirostris";NA;0;1;0;1;1;0;0
"1422";"Philautus_acutus";26;0;1;0;1;1;0;0
"1423";"Philautus_amoenus";35;0;1;0;1;1;0;0
"1424";"Philautus_aurantium";30;0;1;0;1;1;0;0
"1425";"Philautus_aurifasciatus";33;0;1;0;1;1;0;0
"1426";"Philautus_bunitus";46,3;0;1;0;1;1;0;0
"1427";"Philautus_cornutus";NA;0;1;0;1;1;0;0
"1428";"Philautus_davidlabangi";20;NA;NA;NA;NA;NA;NA;NA
"1429";"Philautus_disgregus";23;0;1;0;1;1;0;0
"1430";"Philautus_erythrophthalmus";26,2;0;1;0;1;1;0;0
"1431";"Philautus_everetti";50;0;1;0;1;0;1;0
"1432";"Philautus_gunungensis";NA;0;1;0;1;1;0;0
"1433";"Philautus_hosii";63;0;1;0;1;1;0;0
"1434";"Philautus_ingeri";50;0;1;0;1;1;0;0
"1435";"Philautus_jacobsoni";30;0;1;0;1;1;0;0
"1436";"Philautus_juliandringi";20;NA;NA;NA;NA;NA;NA;NA
"1437";"Philautus_kerangae";43;0;1;0;1;1;0;0
"1438";"Philautus_leitensis";NA;0;1;0;1;1;0;0
"1439";"Philautus_longicrus";20,1;0;1;0;1;1;0;0
"1440";"Philautus_mjobergi";32;0;1;0;1;1;0;0
"1441";"Philautus_pallidipes";30;0;1;0;1;1;0;0
"1442";"Philautus_petersi";37;0;1;0;1;1;0;0
"1443";"Philautus_poecilius";NA;0;1;0;1;1;0;0
"1444";"Philautus_refugii";21;0;1;0;1;1;0;0
"1445";"Philautus_saueri";NA;0;1;0;1;1;0;0
"1446";"Philautus_schmackeri";30,3;0;1;0;1;1;0;0
"1447";"Philautus_similis";NA;0;1;0;1;1;0;0
"1448";"Philautus_surdus";38,4;0;1;0;1;1;0;0
"1449";"Philautus_surrufus";35,4;0;1;0;1;1;0;0
"1450";"Philautus_tectus";27;0;1;0;1;1;0;0
"1451";"Philautus_umbra";35;0;1;0;1;1;0;0
"1452";"Philautus_vittiger";30;0;1;0;1;1;0;0
"1453";"Philautus_worcesteri";44;0;1;0;1;1;0;0
"1454";"Phlyctimantis_boulengeri";59;0;1;1;1;0;1;0
"1455";"Phrynella_pulchra";39;0;1;0;1;0;1;0
"1456";"Phrynobatrachus_acridoides";31;0;1;1;0;0;1;0
"1457";"Phrynobatrachus_africanus";30,4;0;1;0;0;0;1;0
"1458";"Phrynobatrachus_alleni";30;0;1;1;0;0;1;0
"1459";"Phrynobatrachus_annulatus";26;0;1;1;0;NA;NA;NA
"1460";"Phrynobatrachus_auritus";37;0;1;1;0;0;1;0
"1461";"Phrynobatrachus_calcaratus";25;0;1;1;0;0;1;0
"1462";"Phrynobatrachus_cornutus";20;0;1;1;0;0;1;0
"1463";"Phrynobatrachus_dispar";24,7;0;1;1;0;0;1;0
"1464";"Phrynobatrachus_francisci";22;0;1;1;0;0;1;0
"1465";"Phrynobatrachus_fraterculus";19,2;0;1;1;0;0;1;0
"1466";"Phrynobatrachus_ghanensis";NA;0;1;1;0;0;1;0
"1467";"Phrynobatrachus_latifrons";30;0;1;0;0;NA;NA;NA
"1468";"Phrynobatrachus_leveleve";15,5;0;1;0;0;0;1;0
"1469";"Phrynobatrachus_liberiensis";35,5;0;1;1;0;0;1;0
"1470";"Phrynobatrachus_mababiensis";21;0;1;1;0;0;1;0
"1471";"Phrynobatrachus_natalensis";40;0;1;1;0;0;1;0
"1472";"Phrynobatrachus_pakenhami";34;0;1;1;0;0;1;0
"1473";"Phrynobatrachus_phyllophilus";23;0;1;1;0;0;1;0
"1474";"Phrynobatrachus_plicatus";41,5;0;1;1;1;0;1;0
"1475";"Phrynobatrachus_scheffleri";22;0;1;0;0;0;1;0
"1476";"Phrynobatrachus_tokba";20,5;0;1;1;0;1;0;0
"1477";"Phrynobatrachus_ungujae";NA;0;1;0;0;0;1;0
"1478";"Phrynoidis_asper";140;0;1;1;0;0;1;0
"1479";"Phrynoidis_juxtaspera";215;0;1;1;0;0;1;0
"1480";"Phrynomantis_bifasciatus";75;0;1;1;0;0;1;0
"1481";"Phrynomantis_microps";62;0;1;1;1;0;1;0
"1482";"Phrynomedusa_marginata";31;0;1;0;1;0;1;0
"1483";"Phyllobates_aurotaenia";34;0;1;1;0;0;1;0
"1484";"Phyllobates_lugubris";24;0;1;1;0;0;1;0
"1485";"Phyllobates_vittatus";31;0;1;0;0;0;1;0
"1486";"Phyllodytes_luteolus";23;0;1;1;1;0;1;0
"1487";"Phyllodytes_melanomystax";26,6;0;1;1;1;0;1;0
"1488";"Phyllomedusa_bicolor";135;0;0;1;1;0;1;0
"1489";"Phyllomedusa_burmeisteri";79;0;1;1;1;0;1;0
"1490";"Phyllomedusa_trinitatis";95,5;0;1;1;1;0;1;0
"1491";"Physalaemus_cuvieri";36,5;0;1;1;1;0;1;0
"1492";"Physalaemus_olfersii";41;0;1;1;0;0;1;0
"1493";"Physalaemus_signifer";26,72;0;1;1;0;0;1;0
"1494";"Phytotriades_auratus";NA;0;0;0;1;NA;NA;NA
"1495";"Pipa_carvalhoi";68;1;0;1;0;0;1;0
"1496";"Pipa_pipa";171;1;0;1;0;1;0;0
"1497";"Pithecopus_hypochondrialis";46;0;1;1;1;0;1;0
"1498";"Platymantis_banahao";39,6;0;1;0;1;1;0;0
"1499";"Platymantis_bayani";39,1;0;1;0;0;NA;NA;NA
"1500";"Platymantis_biak";39,9;1;1;0;0;NA;NA;NA
"1501";"Platymantis_cagayanensis";28;0;1;1;0;1;0;0
"1502";"Platymantis_cornutus";NA;0;0;0;1;1;0;0
"1503";"Platymantis_corrugatus";41,5;0;1;0;0;1;0;0
"1504";"Platymantis_diesmosi";52,7;0;1;1;0;1;0;0
"1505";"Platymantis_dorsalis";35,4;0;1;1;0;1;0;0
"1506";"Platymantis_guentheri";35;0;1;0;1;1;0;0
"1507";"Platymantis_hazelae";28;0;1;0;1;1;0;0
"1508";"Platymantis_indeprensus";27,9;0;1;1;0;1;0;0
"1509";"Platymantis_isarog";NA;0;1;0;1;1;0;0
"1510";"Platymantis_lawtoni";NA;0;1;0;1;1;0;0
"1511";"Platymantis_levigatus";33,2;0;1;1;0;1;0;0
"1512";"Platymantis_luzonensis";36,2;0;1;0;1;1;0;0
"1513";"Platymantis_mimulus";24,5;0;1;0;0;1;0;0
"1514";"Platymantis_montanus";NA;0;0;0;1;1;0;0
"1515";"Platymantis_naomii";23,9;0;1;0;0;1;0;0
"1516";"Platymantis_negrosensis";50;0;1;0;1;1;0;0
"1517";"Platymantis_paengi";34,3;0;1;0;0;1;0;0
"1518";"Platymantis_panayensis";NA;0;1;0;1;1;0;0
"1519";"Platymantis_polillensis";22;0;1;0;1;1;0;0
"1520";"Platymantis_pseudodorsalis";29,8;0;1;1;0;1;0;0
"1521";"Platymantis_pygmaeus";15,7;0;1;0;0;1;0;0
"1522";"Platymantis_rabori";33,2;0;1;0;1;1;0;0
"1523";"Platymantis_sierramadrensis";NA;0;1;0;1;1;0;0
"1524";"Platymantis_spelaeus";60,5;0;1;0;0;1;0;0
"1525";"Platymantis_subterrestris";NA;0;1;0;1;1;0;0
"1526";"Platymantis_taylori";33;0;1;1;0;1;0;0
"1527";"Platyplectrum_ornatum";45;1;1;1;0;0;1;0
"1528";"Plethodontohyla_alluaudi";28,8;1;1;0;0;0;1;0
"1529";"Plethodontohyla_bipunctata";24,5;1;1;1;0;0;1;0
"1530";"Plethodontohyla_brevipes";32,1;1;1;1;0;0;1;0
"1531";"Plethodontohyla_fonetana";NA;1;1;0;0;0;1;0
"1532";"Plethodontohyla_guentheri";NA;NA;NA;NA;NA;0;1;0
"1533";"Plethodontohyla_inguinalis";100;0;1;1;0;0;1;0
"1534";"Plethodontohyla_mihanika";34,4;0;1;1;1;0;1;0
"1535";"Plethodontohyla_notosticta";42;0;1;1;1;0;1;0
"1536";"Plethodontohyla_ocellata";NA;1;1;1;0;0;1;0
"1537";"Plethodontohyla_tuberata";NA;0;1;1;0;0;1;0
"1538";"Pleurodema_brachyops";34,5;1;1;1;0;0;1;0
"1539";"Pleurodema_thaul";49,7;0;1;1;0;0;1;0
"1540";"Polypedates_chlorophthalmus";62;0;1;0;1;0;1;0
"1541";"Polypedates_colletti";80;0;1;0;1;0;1;0
"1542";"Polypedates_cruciger";NA;0;1;0;1;0;1;0
"1543";"Polypedates_insularis";NA;0;1;0;1;0;1;0
"1544";"Polypedates_leucomystax";80;0;1;0;1;0;1;0
"1545";"Polypedates_macrotis";85;0;1;0;1;0;1;0
"1546";"Polypedates_maculatus";83;0;1;0;1;0;1;0
"1547";"Polypedates_megacephalus";70;0;1;0;1;0;1;0
"1548";"Polypedates_mutus";66,7;0;1;0;1;0;1;0
"1549";"Polypedates_otilophus";100;0;1;0;1;0;1;0
"1550";"Poyntonophrynus_beiranus";25;0;1;1;0;0;1;0
"1551";"Pristimantis_achatinus";46,1;0;1;0;0;1;0;0
"1552";"Pristimantis_cerasinus";35;0;1;0;1;1;0;0
"1553";"Pristimantis_charlottevillensis";26,7;0;1;0;0;1;0;0
"1554";"Pristimantis_cruentus";42;0;1;0;1;1;0;0
"1555";"Pristimantis_euphronides";27;0;1;0;1;1;0;0
"1556";"Pristimantis_latidiscus";53,4;0;1;0;1;1;0;0
"1557";"Pristimantis_paulodutrai";NA;0;1;0;0;1;0;0
"1558";"Pristimantis_ramagii";30;0;1;0;1;1;0;0
"1559";"Pristimantis_ridens";26,4;0;1;0;1;1;0;0
"1560";"Pristimantis_shrevei";29;0;1;0;1;1;0;0
"1561";"Pristimantis_turpinorum";NA;0;1;0;1;1;0;0
"1562";"Pristimantis_urichi";39;0;1;0;0;1;0;0
"1563";"Pristimantis_vinhai";NA;0;1;0;0;1;0;0
"1564";"Proceratophrys_appendiculata";63,2;0;1;1;0;0;1;0
"1565";"Proceratophrys_boiei";74,3;0;1;1;0;0;1;0
"1566";"Proceratophrys_laticeps";82,7;0;1;1;0;0;1;0
"1567";"Proceratophrys_schirchi";NA;0;1;1;0;0;1;0
"1568";"Pseudacris_brimleyi";35;1;1;1;0;0;1;0
"1569";"Pseudacris_crucifer";37;1;1;1;0;0;1;0
"1570";"Pseudacris_feriarum";38;1;1;1;0;0;1;0
"1571";"Pseudacris_kalmi";36;1;1;0;0;0;1;0
"1572";"Pseudacris_nigrita";32;1;1;1;0;0;1;0
"1573";"Pseudacris_ocularis";17,5;1;1;1;0;0;1;0
"1574";"Pseudacris_ornata";40;1;1;1;0;0;1;0
"1575";"Pseudacris_regilla";50;0;1;1;0;0;1;0
"1576";"Pseudhymenochirus_merlini";43,7;0;1;1;1;0;1;0
"1577";"Pseudis_paradoxa";75;1;0;1;0;0;1;0
"1578";"Pseudobufo_subasper";155;0;1;1;1;0;1;0
"1579";"Pseudophilautus_abundus";NA;NA;NA;NA;NA;NA;NA;NA
"1580";"Pseudophilautus_adspersus";34;NA;NA;NA;NA;NA;NA;NA
"1581";"Pseudophilautus_alto";18;0;1;0;1;1;0;0
"1582";"Pseudophilautus_asankai";NA;0;1;0;1;1;0;0
"1583";"Pseudophilautus_auratus";NA;NA;NA;NA;NA;NA;NA;NA
"1584";"Pseudophilautus_caeruleus";NA;0;1;0;1;1;0;0
"1585";"Pseudophilautus_cavirostris";45;NA;NA;NA;NA;NA;NA;NA
"1586";"Pseudophilautus_cuspis";NA;NA;NA;NA;NA;NA;NA;NA
"1587";"Pseudophilautus_decoris";NA;0;1;0;1;1;0;0
"1588";"Pseudophilautus_dimbullae";NA;NA;NA;NA;NA;NA;NA;NA
"1589";"Pseudophilautus_eximius";NA;NA;NA;NA;NA;NA;NA;NA
"1590";"Pseudophilautus_femoralis";24,1;0;0;0;1;1;0;0
"1591";"Pseudophilautus_fergusonianus";NA;0;0;0;1;NA;NA;NA
"1592";"Pseudophilautus_folicola";NA;NA;NA;NA;NA;NA;NA;NA
"1593";"Pseudophilautus_frankenbergi";29,3;0;1;0;1;1;0;0
"1594";"Pseudophilautus_fulvus";NA;0;0;0;1;NA;NA;NA
"1595";"Pseudophilautus_hallidayi";42,9;0;1;0;1;1;0;0
"1596";"Pseudophilautus_halyi";NA;NA;NA;NA;NA;NA;NA;NA
"1597";"Pseudophilautus_hoffmanni";23,4;0;0;0;1;NA;NA;NA
"1598";"Pseudophilautus_hypomelas";NA;NA;NA;NA;NA;NA;NA;NA
"1599";"Pseudophilautus_limbus";NA;NA;NA;NA;NA;NA;NA;NA
"1600";"Pseudophilautus_lunatus";NA;1;1;0;1;NA;NA;NA
"1601";"Pseudophilautus_macropus";37;NA;NA;NA;NA;NA;NA;NA
"1602";"Pseudophilautus_maia";NA;NA;NA;NA;NA;NA;NA;NA
"1603";"Pseudophilautus_microtympanum";51,1;0;1;0;1;1;0;0
"1604";"Pseudophilautus_mittermeieri";18,4;0;0;0;1;NA;NA;NA
"1605";"Pseudophilautus_mooreorum";30,3;0;0;0;1;NA;NA;NA
"1606";"Pseudophilautus_nemus";NA;NA;NA;NA;NA;NA;NA;NA
"1607";"Pseudophilautus_ocularis";NA;NA;NA;NA;NA;NA;NA;NA
"1608";"Pseudophilautus_pleurotaenia";NA;NA;NA;NA;NA;NA;NA;NA
"1609";"Pseudophilautus_poppiae";24,7;0;0;0;1;NA;NA;NA
"1610";"Pseudophilautus_popularis";NA;NA;NA;NA;NA;NA;NA;NA
"1611";"Pseudophilautus_procax";NA;NA;NA;NA;NA;NA;NA;NA
"1612";"Pseudophilautus_regius";NA;NA;NA;NA;NA;NA;NA;NA
"1613";"Pseudophilautus_reticulatus";NA;NA;NA;NA;NA;NA;NA;NA
"1614";"Pseudophilautus_rus";NA;0;1;0;1;1;0;0
"1615";"Pseudophilautus_sarasinorum";NA;0;1;0;1;1;0;0
"1616";"Pseudophilautus_schmarda";NA;0;1;0;1;1;0;0
"1617";"Pseudophilautus_semiruber";NA;NA;NA;NA;NA;NA;NA;NA
"1618";"Pseudophilautus_silus";NA;0;1;0;1;1;0;0
"1619";"Pseudophilautus_silvaticus";NA;0;1;0;1;NA;NA;NA
"1620";"Pseudophilautus_simba";NA;NA;NA;NA;NA;NA;NA;NA
"1621";"Pseudophilautus_singu";NA;0;1;0;1;NA;NA;NA
"1622";"Pseudophilautus_sordidus";NA;0;1;0;1;1;0;0
"1623";"Pseudophilautus_steineri";31,2;0;0;0;1;NA;NA;NA
"1624";"Pseudophilautus_stellatus";NA;NA;NA;NA;NA;NA;NA;NA
"1625";"Pseudophilautus_stictomerus";NA;NA;NA;NA;NA;NA;NA;NA
"1626";"Pseudophilautus_stuarti";25,3;0;0;0;1;NA;NA;NA
"1627";"Pseudophilautus_tanu";NA;NA;NA;NA;NA;NA;NA;NA
"1628";"Pseudophilautus_viridis";NA;0;1;0;1;1;0;0
"1629";"Pseudophilautus_zimmeri";NA;NA;NA;NA;NA;NA;NA;NA
"1630";"Pseudophilautus_zorro";NA;0;1;0;1;1;0;0
"1631";"Pseudophryne_bibronii";36;0;1;1;0;0;1;0
"1632";"Pseudophryne_major";40;0;1;1;0;0;1;0
"1633";"Pseudophryne_raveni";30;0;1;1;0;0;1;0
"1634";"Pseudophryne_semimarmorata";30;0;1;1;0;0;1;0
"1635";"Ptychadena_aequiplicata";50;0;1;1;1;0;1;0
"1636";"Ptychadena_anchietae";62;0;1;1;1;0;1;0
"1637";"Ptychadena_arnei";NA;0;1;1;1;0;1;0
"1638";"Ptychadena_bibroni";64;0;1;1;1;0;1;0
"1639";"Ptychadena_guibei";43;0;1;1;1;0;1;0
"1640";"Ptychadena_longirostris";63;0;1;1;1;0;1;0
"1641";"Ptychadena_mascareniensis";72;0;1;1;1;0;1;0
"1642";"Ptychadena_mossambica";53;0;1;1;1;0;1;0
"1643";"Ptychadena_newtoni";NA;0;1;1;1;0;1;0
"1644";"Ptychadena_nilotica";40;0;1;1;1;0;1;0
"1645";"Ptychadena_oxyrhynchus";85;0;1;1;1;0;1;0
"1646";"Ptychadena_pumilio";41;0;1;1;1;0;1;0
"1647";"Ptychadena_schillukorum";51;0;1;1;1;0;1;0
"1648";"Ptychadena_superciliaris";NA;0;1;1;1;0;1;0
"1649";"Ptychadena_taenioscelis";40;0;1;1;1;0;1;0
"1650";"Ptychadena_tournieri";43;0;1;1;1;0;1;0
"1651";"Ptychadena_trinodis";60;0;1;1;1;0;1;0
"1652";"Pulchrana_baramica";65;0;1;1;0;0;1;0
"1653";"Pulchrana_debussyi";NA;NA;NA;NA;NA;0;1;0
"1654";"Pulchrana_glandulosa";90;0;1;1;1;0;1;0
"1655";"Pulchrana_grandocula";67;0;1;1;0;0;1;0
"1656";"Pulchrana_laterimaculata";20;0;1;0;0;0;1;0
"1657";"Pulchrana_mangyanum";46,4;0;1;1;0;0;1;0
"1658";"Pulchrana_melanomenta";NA;0;1;1;0;0;1;0
"1659";"Pulchrana_moellendorffi";45;0;1;1;0;0;1;0
"1660";"Pulchrana_picturata";70;0;1;1;0;0;1;0
"1661";"Pulchrana_siberu";39,5;0;1;1;0;0;1;0
"1662";"Pulchrana_signata";57,18;0;1;0;0;0;1;0
"1663";"Pulchrana_similis";43,3;0;1;1;0;0;1;0
"1664";"Pyxicephalus_edulis";140;1;1;1;0;0;1;0
"1665";"Quasipaa_exilispinosa";64,9;0;1;1;0;0;1;0
"1666";"Quasipaa_fasciculispina";106;0;1;1;0;0;1;0
"1667";"Rana_amurensis";70;0;1;1;1;0;1;0
"1668";"Rana_arvalis";46,19;0;1;1;1;0;1;0
"1669";"Rana_aurora";131;0;1;1;1;0;1;0
"1670";"Rana_chensinensis";63,2;0;1;1;1;0;1;0
"1671";"Rana_dalmatina";95;0;1;1;1;0;1;0
"1672";"Rana_dybowskii";62,7;0;1;1;1;0;1;0
"1673";"Rana_graeca";80;0;1;1;1;0;1;0
"1674";"Rana_huanrensis";45,3;0;1;1;0;0;1;0
"1675";"Rana_japonica";65;0;1;1;1;0;1;0
"1676";"Rana_johnsi";46,5;0;1;1;1;0;1;0
"1677";"Rana_longicrus";47,9;0;1;1;1;0;1;0
"1678";"Rana_luteiventris";90;1;1;1;0;0;1;0
"1679";"Rana_ornativentris";78;0;1;1;1;0;1;0
"1680";"Rana_pirica";72;0;1;1;1;0;1;0
"1681";"Rana_sakuraii";58,3;0;1;1;0;0;1;0
"1682";"Rana_sauteri";50,6;0;1;0;0;0;1;0
"1683";"Rana_tagoi";58,1;0;1;1;1;0;1;0
"1684";"Rana_temporaria";110;0;1;1;1;0;1;0
"1685";"Rana_tsushimensis";49,8;0;1;1;1;0;1;0
"1686";"Rana_zhenhaiensis";48,1;0;1;1;1;0;1;0
"1687";"Raorchestes_parvulus";23,6;0;1;0;0;NA;NA;NA
"1688";"Rentapia_everetti";NA;0;1;0;1;0;1;0
"1689";"Rentapia_hosii";98;0;1;0;1;0;1;0
"1690";"Rhacophorus_angulirostris";50;0;1;0;1;0;1;0
"1691";"Rhacophorus_annamensis";73,2;0;1;0;1;0;1;0
"1692";"Rhacophorus_baluensis";65;0;1;0;1;0;1;0
"1693";"Rhacophorus_barisani";50,34;0;1;0;1;0;1;0
"1694";"Rhacophorus_belalongensis";38;0;0;0;1;NA;NA;NA
"1695";"Rhacophorus_bifasciatus";NA;0;1;0;1;0;1;0
"1696";"Rhacophorus_bimaculatus";NA;0;1;0;1;0;1;0
"1697";"Rhacophorus_catamitus";31,28;0;1;0;1;0;1;0
"1698";"Rhacophorus_cyanopunctatus";40;0;1;0;1;0;1;0
"1699";"Rhacophorus_edentulus";32,4;0;1;0;1;0;1;0
"1700";"Rhacophorus_fasciatus";55;0;1;0;1;0;1;0
"1701";"Rhacophorus_gadingensis";30;0;0;0;1;0;1;0
"1702";"Rhacophorus_gauni";38;0;1;0;1;0;1;0
"1703";"Rhacophorus_georgii";NA;0;1;0;1;0;1;0
"1704";"Rhacophorus_harrissoni";70;0;1;0;1;0;1;0
"1705";"Rhacophorus_margaritifer";60;0;1;0;1;0;1;0
"1706";"Rhacophorus_modestus";NA;0;1;0;1;0;1;0
"1707";"Rhacophorus_monticola";NA;0;1;0;1;0;1;0
"1708";"Rhacophorus_nigropalmatus";97,7;0;1;0;1;0;1;0
"1709";"Rhacophorus_penanorum";34;0;0;0;1;NA;NA;NA
"1710";"Rhacophorus_poecilonotus";NA;0;1;0;1;0;1;0
"1711";"Rhacophorus_reinwardtii";82,7;0;1;0;1;0;1;0
"1712";"Rhacophorus_rhodopus";48,7;0;0;0;1;0;1;0
"1713";"Rhacophorus_rufipes";50;0;1;0;1;0;1;0
"1714";"Rhaebo_haematiticus";111,3;0;1;1;0;0;1;0
"1715";"Rhinella_crucifer";130;0;1;0;0;0;1;0
"1716";"Rhinella_granulosa";90;0;1;1;0;0;1;0
"1717";"Rhinella_hoogmoedi";42;0;1;0;0;0;1;0
"1718";"Rhinella_icterica";190;0;1;0;0;0;1;0
"1719";"Rhinella_jimi";214;0;1;0;0;0;1;0
"1720";"Rhinella_margaritifera";74;0;1;0;0;0;1;0
"1721";"Rhinella_marina";241;0;1;1;0;0;1;0
"1722";"Rhinella_ornata";84,29;0;1;0;0;0;1;0
"1723";"Rhinella_pygmaea";37,7;1;1;0;0;0;1;0
"1724";"Rhinoderma_darwinii";31;0;1;0;0;1;0;0
"1725";"Rhinophrynus_dorsalis";89;1;0;0;0;0;1;0
"1726";"Rhombophryne_coronata";22,9;1;1;0;0;0;1;0
"1727";"Rhombophryne_coudreaui";28;1;1;0;0;0;1;0
"1728";"Rhombophryne_guentherpetersi";35;1;1;0;0;0;1;0
"1729";"Rhombophryne_laevipes";55;1;1;0;0;0;1;0
"1730";"Rhombophryne_matavy";49,4;1;1;0;0;NA;NA;NA
"1731";"Rhombophryne_minuta";NA;NA;NA;NA;NA;0;1;0
"1732";"Rhombophryne_serratopalpebrosa";28;0;1;0;0;0;1;0
"1733";"Rhombophryne_testudo";45;1;1;1;0;0;1;0
"1734";"Rohanixalus_hansenae";25;0;1;0;1;0;1;0
"1735";"Rohanixalus_vittatus";25,7;0;1;0;1;0;1;0
"1736";"Sabahphrynus_maculatus";52,1;0;1;1;1;0;1;0
"1737";"Sachatamia_albomaculata";32;0;1;1;1;0;1;0
"1738";"Sanguirana_everetti";NA;NA;NA;NA;NA;0;1;0
"1739";"Sanguirana_igorota";NA;0;1;1;0;0;1;0
"1740";"Sanguirana_luzonensis";NA;0;1;1;0;0;1;0
"1741";"Sanguirana_sanguinea";60,1;0;1;0;0;0;1;0
"1742";"Sanguirana_tipanan";NA;0;1;1;0;0;1;0
"1743";"Scaphiophryne_boribory";59,8;0;1;1;1;0;1;0
"1744";"Scaphiophryne_brevis";NA;0;1;1;0;0;1;0
"1745";"Scaphiophryne_calcarata";33;1;1;1;0;0;1;0
"1746";"Scaphiophryne_gottlebei";40;1;1;1;0;0;1;0
"1747";"Scaphiophryne_madagascariensis";56;1;1;1;0;0;1;0
"1748";"Scaphiophryne_marmorata";55;0;1;1;1;0;1;0
"1749";"Scaphiophryne_menabensis";45;0;1;0;0;0;1;0
"1750";"Scaphiophryne_spinosa";48,3;0;1;1;1;0;1;0
"1751";"Scaphiopus_couchii";80;1;1;1;0;0;1;0
"1752";"Scaphiopus_holbrookii";71;1;1;1;0;0;1;0
"1753";"Schismaderma_carens";92;0;1;1;0;0;1;0
"1754";"Scinax_alter";32;0;1;1;1;0;1;0
"1755";"Scinax_boulengeri";53;0;1;1;1;0;1;0
"1756";"Scinax_cuspidatus";32,5;0;1;1;1;0;1;0
"1757";"Scinax_elaeochroa";40,3;0;1;1;1;0;1;0
"1758";"Scinax_eurydice";53,8;0;1;1;1;0;1;0
"1759";"Scinax_fuscovarius";55,3;0;1;1;1;0;1;0
"1760";"Scinax_hayii";53;0;1;1;1;0;1;0
"1761";"Scinax_nebulosus";40;0;1;1;1;0;1;0
"1762";"Scinax_ruber";45;0;1;0;1;0;1;0
"1763";"Scinax_similis";41;0;1;1;1;0;1;0
"1764";"Scinax_squalirostris";29;0;1;1;1;0;1;0
"1765";"Scinax_staufferi";32;0;1;1;1;0;1;0
"1766";"Sclerophrys_camerunensis";NA;0;1;0;0;0;1;0
"1767";"Sclerophrys_gracilipes";40;0;1;0;0;0;1;0
"1768";"Sclerophrys_gutturalis";120;0;1;0;0;0;1;0
"1769";"Sclerophrys_kassasii";38,5;0;1;1;0;0;1;0
"1770";"Sclerophrys_maculata";13;0;1;1;0;0;1;0
"1771";"Sclerophrys_regularis";130;0;1;0;0;0;1;0
"1772";"Sclerophrys_superciliaris";120;0;1;0;0;0;1;0
"1773";"Sclerophrys_togoensis";71;0;1;1;0;0;1;0
"1774";"Sclerophrys_tuberosa";41;0;1;0;0;0;1;0
"1775";"Sclerophrys_xeros";97;0;1;1;0;0;1;0
"1776";"Sechellophryne_gardineri";11,5;0;1;0;0;1;0;0
"1777";"Sechellophryne_pipilodryas";14,7;0;1;0;1;1;0;0
"1778";"Silverstoneia_flotator";18,3;0;1;0;0;0;1;0
"1779";"Smilisca_baudinii";90;0;1;1;1;0;1;0
"1780";"Smilisca_fodiens";70;1;1;1;0;0;1;0
"1781";"Smilisca_phaeota";81;0;1;1;1;0;1;0
"1782";"Smilisca_sila";62,2;0;1;1;1;0;1;0
"1783";"Smilisca_sordida";64;0;1;1;1;0;1;0
"1784";"Sooglossus_sechellensis";17;0;1;1;0;0;1;0
"1785";"Sooglossus_thomasseti";45;0;1;0;0;1;0;0
"1786";"Sphaenorhynchus_lacteus";48;0;1;1;1;0;1;0
"1787";"Sphaenorhynchus_palustris";36;1;1;1;0;0;1;0
"1788";"Sphaenorhynchus_planicola";24;0;1;1;1;0;1;0
"1789";"Sphaenorhynchus_prasinus";31;0;1;1;0;0;1;0
"1790";"Sphaerotheca_breviceps";63;1;1;0;0;0;1;0
"1791";"Sphaerotheca_rolandae";50;1;1;1;0;0;1;0
"1792";"Sphenophryne_allisoni";29,6;0;1;1;0;1;0;0
"1793";"Sphenophryne_brevicrus";27,2;0;1;1;0;1;0;0
"1794";"Sphenophryne_coggeri";28,2;0;1;1;0;1;0;0
"1795";"Sphenophryne_cornuta";39;0;1;1;1;1;0;0
"1796";"Sphenophryne_crassa";30,1;0;1;1;0;1;0;0
"1797";"Sphenophryne_dentata";38;0;1;1;0;1;0;0
"1798";"Sphenophryne_magnitympanum";26,5;0;1;0;0;NA;NA;NA
"1799";"Sphenophryne_rhododactyla";60;0;1;1;0;1;0;0
"1800";"Sphenophryne_rubra";37,5;0;1;1;0;1;0;0
"1801";"Sphenophryne_schlaginhaufeni";43;0;1;1;0;1;0;0
"1802";"Sphenophryne_similis";52;0;1;1;0;1;0;0
"1803";"Sphenophryne_stenodactyla";32;0;1;1;0;1;0;0
"1804";"Sphenophryne_thomsoni";38;0;1;1;0;1;0;0
"1805";"Spinomantis_aglavei";51;0;0;0;1;0;1;0
"1806";"Spinomantis_bertini";28;0;1;0;0;0;1;0
"1807";"Spinomantis_brunae";32;0;1;0;1;0;1;0
"1808";"Spinomantis_elegans";60;1;1;0;0;0;1;0
"1809";"Spinomantis_fimbriatus";39;0;0;0;1;0;1;0
"1810";"Spinomantis_guibei";40;0;1;0;0;NA;NA;NA
"1811";"Spinomantis_massi";37;0;0;0;1;0;1;0
"1812";"Spinomantis_microtis";48;0;1;0;0;0;1;0
"1813";"Spinomantis_nussbaumi";52;0;0;0;1;NA;NA;NA
"1814";"Spinomantis_peraccae";44;0;0;0;1;0;1;0
"1815";"Spinomantis_phantasticus";38;0;0;0;1;0;1;0
"1816";"Spinomantis_tavaratra";32,8;0;0;0;1;NA;NA;NA
"1817";"Staurois_guttatus";55;0;0;1;0;0;1;0
"1818";"Staurois_latopalmatus";70;0;1;1;1;0;1;0
"1819";"Staurois_natator";51,3;0;1;1;1;0;1;0
"1820";"Staurois_parvus";31;0;1;1;0;0;1;0
"1821";"Staurois_tuberilinguis";36,7;0;1;1;1;0;1;0
"1822";"Strabomantis_anomalus";92,4;0;1;1;0;1;0;0
"1823";"Strauchbufo_raddei";89;0;1;0;0;0;1;0
"1824";"Stumpffia_be";25,2;0;1;0;0;NA;NA;NA
"1825";"Stumpffia_gimmeli";NA;0;1;1;0;0;1;0
"1826";"Stumpffia_grandis";25;0;1;1;0;0;1;0
"1827";"Stumpffia_madagascariensis";11,5;0;1;0;0;NA;NA;NA
"1828";"Stumpffia_megsoni";21,7;0;1;0;0;NA;NA;NA
"1829";"Stumpffia_psologlossa";NA;0;1;1;0;0;1;0
"1830";"Stumpffia_pygmaea";12;0;1;1;0;0;1;0
"1831";"Stumpffia_roseifemoralis";22;0;1;1;0;0;1;0
"1832";"Stumpffia_staffordi";28;0;1;0;0;NA;NA;NA
"1833";"Stumpffia_tetradactyla";15;0;1;1;0;0;1;0
"1834";"Stumpffia_tridactyla";11;0;1;1;0;0;1;0
"1835";"Sylvirana_cubitalis";68;0;1;1;0;0;1;0
"1836";"Sylvirana_guentheri";76;0;1;1;0;0;1;0
"1837";"Sylvirana_maosonensis";61;0;1;1;0;0;1;0
"1838";"Sylvirana_mortenseni";73,4;0;1;0;0;0;1;0
"1839";"Sylvirana_nigrovittata";70;0;1;1;0;0;1;0
"1840";"Sylvirana_spinulosa";NA;0;1;1;0;0;1;0
"1841";"Tachycnemis_seychellensis";70;0;1;1;1;0;1;0
"1842";"Taruga_eques";NA;0;1;0;1;0;1;0
"1843";"Taruga_fastigo";NA;0;1;0;1;0;1;0
"1844";"Taruga_longinasus";NA;0;1;0;1;0;1;0
"1845";"Teratohyla_pulverata";33;0;0;1;1;0;1;0
"1846";"Teratohyla_spinosa";28;0;1;1;1;0;1;0
"1847";"Theloderma_asperum";34,5;0;1;0;1;0;1;0
"1848";"Theloderma_horridum";50;0;1;0;1;0;1;0
"1849";"Theloderma_leporosum";NA;0;1;0;1;0;1;0
"1850";"Theloderma_phrynoderma";44,6;0;1;0;1;0;1;0
"1851";"Theloderma_stellatum";28,8;0;1;0;1;0;1;0
"1852";"Thoropa_miliaris";78;0;1;1;1;0;1;0
"1853";"Tlalocohyla_loquax";77;0;1;1;1;0;1;0
"1854";"Tlalocohyla_picta";31;0;1;1;1;0;1;0
"1855";"Tomopterna_cryptotis";64;1;1;1;0;0;1;0
"1856";"Tomopterna_krugerensis";48;1;1;1;0;0;1;0
"1857";"Trachycephalus_jordani";75,4;0;1;0;1;0;1;0
"1858";"Trachycephalus_mesophaeus";80,5;0;1;1;1;0;1;0
"1859";"Trachycephalus_nigromaculatus";91,05;0;1;0;1;0;1;0
"1860";"Triprion_petasatus";75,2;0;1;1;1;0;1;0
"1861";"Tsingymantis_antitra";66,4;0;1;0;0;0;1;0
"1862";"Uperodon_globulosus";84;1;1;1;0;0;1;0
"1863";"Uperodon_nagaoi";31,5;0;1;0;1;0;1;0
"1864";"Uperodon_obscurus";35,7;1;1;0;1;0;1;0
"1865";"Uperodon_palmatus";34,6;1;1;0;0;0;1;0
"1866";"Uperodon_systoma";70;1;1;1;0;0;1;0
"1867";"Uperodon_taprobanicus";40;1;1;1;0;0;1;0
"1868";"Uperodon_variegatus";30,8;0;1;0;1;0;1;0
"1869";"Uperoleia_fusca";30;0;1;1;0;0;1;0
"1870";"Uperoleia_lithomoda";25;0;1;1;0;0;1;0
"1871";"Uperoleia_rugosa";30;0;1;1;0;0;1;0
"1872";"Vitreorana_eurygnatha";23;0;0;0;1;0;1;0
"1873";"Vitreorana_uranoscopa";25,8;0;0;0;1;0;1;0
"1874";"Wakea_madinika";16;0;1;0;0;0;1;0
"1875";"Wijayarana_masonii";65,7;0;1;1;0;0;1;0
"1876";"Wijayarana_modiglianii";55,1;0;1;1;0;0;1;0
"1877";"Wijayarana_sumatrana";70,2;0;1;1;0;0;1;0
"1878";"Wolterstorffina_parvipalmata";33;0;1;1;1;0;1;0
"1879";"Xenohyla_truncata";42;0;1;1;1;0;1;0
"1880";"Xenopus_muelleri";90;0;1;1;1;0;1;0
"1881";"Xenopus_tropicalis";55;0;1;1;1;0;1;0
"1882";"Xenorhina_adisca";24;1;0;0;0;1;0;0
"1883";"Xenorhina_anorbis";23,4;1;0;0;0;1;0;0
"1884";"Xenorhina_arboricola";46;0;0;1;1;1;0;0
"1885";"Xenorhina_arfakiana";38,2;1;0;0;0;1;0;0
"1886";"Xenorhina_bidens";29;0;1;0;0;1;0;0
"1887";"Xenorhina_bouwensi";24;1;1;1;0;1;0;0
"1888";"Xenorhina_eiponis";36,5;0;1;0;0;1;0;0
"1889";"Xenorhina_fuscigula";42,4;1;1;0;0;1;0;0
"1890";"Xenorhina_gigantea";90;1;0;0;0;1;0;0
"1891";"Xenorhina_huon";34,4;1;0;0;0;1;0;0
"1892";"Xenorhina_lanthanites";21,9;1;0;0;0;1;0;0
"1893";"Xenorhina_macrodisca";41,5;1;0;0;0;1;0;0
"1894";"Xenorhina_macrops";55,4;0;1;0;0;1;0;0
"1895";"Xenorhina_mehelyi";37;1;1;0;0;1;0;0
"1896";"Xenorhina_minima";28;1;0;0;0;1;0;0
"1897";"Xenorhina_multisica";51,3;1;0;0;0;1;0;0
"1898";"Xenorhina_obesa";72,3;0;1;0;0;1;0;0
"1899";"Xenorhina_ocellata";43,3;1;0;0;0;1;0;0
"1900";"Xenorhina_ophiodon";27;1;0;0;0;1;0;0
"1901";"Xenorhina_oxycephala";50;1;1;1;0;1;0;0
"1902";"Xenorhina_parkerorum";68;0;1;1;0;1;0;0
"1903";"Xenorhina_rostrata";54;1;1;0;0;1;0;0
"1904";"Xenorhina_scheepstrai";NA;1;0;0;0;1;0;0
"1905";"Xenorhina_schiefenhoeveli";30,7;1;0;0;0;1;0;0
"1906";"Xenorhina_similis";51,4;0;1;1;0;1;0;0
"1907";"Xenorhina_subcrocea";33,3;1;0;0;0;1;0;0
"1908";"Xenorhina_tumulus";28,7;1;0;0;0;1;0;0
"1909";"Xenorhina_varia";39;1;0;0;1;1;0;0
"1910";"Xenorhina_zweifeli";38;1;0;0;0;1;0;0
"1911";"Zachaenus_parvulus";29,6;0;1;1;0;0;1;0
"1912";"Zhangixalus_achantharrhena";47,14;0;1;0;1;0;1;0
"1913";"Zhangixalus_arboreus";81,4;0;1;0;1;0;1;0
"1914";"Zhangixalus_arvalis";42,3;0;1;0;1;0;1;0
"1915";"Zhangixalus_aurantiventris";52,1;0;1;0;1;0;1;0
"1916";"Zhangixalus_dennysi";128,2;0;1;0;1;0;1;0
"1917";"Zhangixalus_dulitensis";50;0;1;0;1;0;1;0
"1918";"Zhangixalus_moltrechti";49,8;0;1;0;1;0;1;0
"1919";"Zhangixalus_owstoni";NA;0;1;0;1;0;1;0
"1920";"Zhangixalus_prasinatus";NA;0;1;0;1;0;1;0
"1921";"Zhangixalus_prominanus";NA;0;1;0;1;0;1;0
"1922";"Zhangixalus_schlegelii";57;0;1;0;1;0;1;0
"1923";"Zhangixalus_taipeianus";NA;0;1;0;1;0;1;0
"1924";"Zhangixalus_viridis";22;0;1;0;1;0;1;0
